dispute_id,transaction_id,customer_id,opened_at,reason,status,amount,currency
05c14b9f-9d8a-4fc5-940c-b97f836af3d6,e91402e2-e36a-4173-9fcd-37248648b8f7,2fe3c164-1b3e-46a4-9ed0-de57c37f8187,2023-06-02T17:30:11,item_not_received,won,8.98,GBP
573d8074-e1b3-4ff0-90fd-9aa8f63baa0d,5802396e-34f3-42a6-b4c3-8517307ca908,9f5a72be-5cb6-48c7-9b14-5ede5eea3672,2024-09-19T19:54:59,duplicate,pending,311.03,GBP
d4d6e817-1f3c-4e20-829f-4536c47b22d4,0edd9eac-d4b9-43f1-9ce4-cc9f01c64188,cc05fb02-57c2-490a-8d6f-d8adce1857b8,2024-01-28T22:46:25,item_not_received,pending,182.94,SGD
2f186a4b-0e08-40ad-b119-e1078a1136f4,c474cf34-cd10-4541-bf14-d29684b13302,6dd7c343-fedc-41ae-a197-a6f57bed6cc6,2023-02-09T21:30:09,item_not_received,lost,27.19,EUR
370f1b60-5ced-42fa-97d2-53c9f2f65339,af581b0d-1101-4864-b936-ab9dcade5a1e,6d7c1759-965d-421b-b5c5-0b04a1c6c8c3,2024-04-14T03:55:17,amount_incorrect,won,54.38,CAD
ecd36b42-0461-40fc-a752-7cce2e61e3de,98ac9969-cfb8-4aec-aaf4-797aa9097201,21d99578-1b44-49c1-9bcb-54a6df869a11,2024-11-25T04:26:50,amount_incorrect,lost,28.19,GBP
10b3cdb2-0e1c-457a-a87c-ad84fea16d83,bf49f0d9-3c04-4d68-9454-e1cf7baa67df,9736e520-e7b7-4ead-9256-4b4beb8db59a,2024-02-12T06:48:09,item_not_received,won,6.29,GBP
4f10a722-d86f-4496-8280-276e557ea08b,8c774831-f818-4890-b1c0-16ed3bf06300,0882837e-99d1-4347-89b8-e23a24b1c801,2024-11-13T15:14:36,duplicate,lost,6.91,AED
bf8b9ea0-0025-4db3-a1c8-4d5e48223a0b,d7af120e-cdfb-4ba6-9cbe-e7bbfcaa24a5,27e0db99-98d7-4d67-b6fe-98bd0e95b603,2023-06-30T06:23:18,duplicate,pending,87.37,EUR
5f6efb13-440c-419c-8a86-129f8acd00e5,4157ae81-1764-4eec-a1f9-7265053076d2,0518ffa9-c49d-4b5a-8be5-d8ed0a438f55,2024-08-22T04:56:08,amount_incorrect,lost,45.3,GBP
1ab427c0-cfb2-4633-958d-e8b6d98e83c1,102dc55b-6ca4-4d40-a751-8fd227490a23,7576ccf7-b10e-43c8-a011-fea1c65b6d0a,2024-08-02T16:21:56,unauthorised,won,70.52,GBP
92fe30e2-3ce4-4376-af31-86799739a174,28739139-51e1-4a36-ab82-728b8c7b1e50,79bdfedf-397f-4105-ac1f-780fd5a0b59c,2024-01-24T03:50:06,item_not_received,lost,183.94,GBP
fa9100ad-d51c-49fc-8027-4fd5cec09c3c,911efdd3-493a-45ac-afaa-51b63f391ffc,026fa001-3402-47ad-bb68-763ace66114d,2023-08-08T17:29:13,amount_incorrect,won,133.82,GBP
489e7016-32e1-4501-a4d4-4e2a02fabf26,23bda833-4f20-4ce7-bf5c-f9e78e6379ff,5dabe059-85f6-4332-8730-e21fba4ca2c6,2024-10-29T01:36:09,item_not_received,won,163.83,GBP
7470e86a-fa6a-40c9-8992-2e7722b6c139,95123ef3-87dd-41a1-b652-206097c97b23,0dc553af-99e9-46f4-a0c8-ce0e91a8e822,2023-03-18T07:30:20,unauthorised,won,67.33,GBP
bfe81d54-8e03-4508-8aad-918b459bf455,f28129dc-bc66-4875-a4fa-7c7e1eaa3715,ff89beef-c56b-4e16-8a45-70021600d61d,2023-03-04T08:59:03,unauthorised,pending,27.95,GBP
6ca38521-a9c2-43e4-bd48-49000fe986db,bc9d9536-8749-4c60-8146-6737f168a932,8c6b1792-bdd4-436c-89cf-7b2053b9a7d8,2023-07-26T07:01:09,amount_incorrect,lost,203.9,GBP
0b0d2099-2958-4a00-b3ed-c21ce4a2458d,28e6be52-340b-42fb-a395-d89be653084f,477b240f-f225-4a6b-baf8-e5f16ac91bc4,2024-06-22T09:43:17,item_not_received,won,199.77,GBP
3f5d34a2-8158-454c-bd63-e00c903ad9d4,16c369de-11ea-42d0-a6fb-c45a298c34d8,4582a074-8bf5-41bd-9707-74a67f74229c,2024-07-15T21:42:58,unauthorised,pending,61.79,GBP
0fe16d06-d04d-4bee-ab00-540b5e6b6002,a8196910-53f8-4797-863c-62bc455b0bca,d6b8c20c-eeec-440c-9859-45aff719ec26,2024-05-14T17:35:44,amount_incorrect,won,24.83,GBP
20194665-db4f-412d-be7f-e76043ee018c,05c54e14-4370-477b-ad07-4bb6e7237e63,267bd937-6d4f-494d-817e-cb6f9e448c6d,2023-11-02T08:39:18,unauthorised,won,40.07,GBP
6ec59001-b976-4dea-ab8c-49f005784458,bd8d8d66-5aae-4395-b02a-30a27a5b2db9,b8be2429-77f8-4341-a86d-bdde7bb50df6,2024-09-09T10:31:20,unauthorised,won,134.19,GBP
a84cbd18-7203-40e2-8587-d9336e35149f,411697a5-40f7-4c24-a08f-bf6981d79618,3a3364a7-c60e-4053-97d5-da39736efc26,2023-04-24T09:23:54,amount_incorrect,won,152.06,GBP
2c53e40f-5680-46ad-8df1-4f8da0ba2c09,af1b48ef-756a-4b63-8539-b456f56b3064,8c895234-968a-4c66-819a-6ceb4a5208bb,2024-08-20T09:01:56,item_not_received,pending,205.19,USD
6e071c2c-a107-45fe-a296-e99d9ceca9a7,fe7a18d8-0db8-4186-b865-638f19a6595d,29e4f5ea-7287-4678-8a3e-4e015852b08c,2024-06-16T11:36:14,duplicate,pending,282.95,GBP
16525dac-e5fd-4f20-ba5f-bd8770852308,e5608f64-3d4c-45b7-af6c-1e422b8ab200,4272b69b-ee6e-4f5f-be11-329ad4f9a7cb,2023-10-29T15:54:31,duplicate,lost,40.23,GBP
01c83a0e-08a3-4918-bb7f-410609c78ba3,285fb85a-c25e-4147-a0f5-2edd62ddf48b,512a48ec-808c-4ce4-b8b2-25ef4ef673d1,2023-09-15T08:46:43,item_not_received,won,9.96,USD
06104de1-b6b4-4d24-bca9-d53efee34c9f,e817dd54-5c9d-4027-a94e-d6926242157f,a79b37bc-1793-49ae-a4ea-8d0f9b403cad,2024-07-05T13:44:44,unauthorised,won,8.86,GBP
d4ab8ba5-0701-4954-8794-6da70a91f7b2,550d1331-8909-4fd4-bea8-071f51cc8bd2,dfbc2f43-588f-4190-a1fb-b9f5456a6ab5,2024-12-13T07:33:36,duplicate,won,58.67,GBP
b3a8d052-eaa0-4b52-b454-1f38a1b0c993,fb7261be-f55d-4975-bcde-65b3302b6664,529922fa-0b51-4fbd-9ef4-79dfffe4aeff,2023-06-05T15:49:41,unauthorised,won,119.82,USD
848d40b0-ee82-437b-93bd-3e77d63dd267,19c896f7-46b3-42f8-8412-01b5d3eafa06,99bafaa7-ab05-4c20-bdd8-8c7ff27294d8,2023-06-12T08:33:09,item_not_received,won,31.76,USD
59286c1c-fe36-4ac2-9a74-dfddedff309c,142c01bd-d330-4f90-a3a2-d3dd8014a373,bddbc244-a445-40c6-91a9-4c702b2e0030,2024-07-24T08:02:05,item_not_received,won,234.78,EUR
e481e7a8-2f6a-4cab-880b-127ef434f183,f4e17c22-87fc-42b6-bedf-480bdb791ffb,d8de4b3e-cfd8-4127-b7e5-1d8ffa411e58,2023-06-08T15:24:58,unauthorised,won,168.95,GBP
eed4d851-b434-40bd-bc1a-3d13811ba9df,dc4a9629-ec61-494f-81f0-c8203daa4af4,7fddb622-083b-47c2-8ab7-62fb6ba40598,2023-12-10T01:05:10,duplicate,lost,16.25,GBP
3bfcaab7-5ae3-407d-8a2f-1568e17b81ce,aca5051b-7ba6-4075-aabd-f6ae18d8ff20,d02729f4-44c9-4561-b3ca-073458ece340,2024-08-05T03:38:57,duplicate,lost,14.97,GBP
5239d930-4a8b-43aa-8376-44f32d3cd62b,f9c120da-3b18-4aae-86ef-c61b75f1e1ba,6bdeb4b6-efbd-41c3-8534-1582a9c3a0de,2023-03-16T07:38:31,item_not_received,won,52.81,GBP
657e7808-3f9a-41ad-938e-1a9c1be84a1c,12377920-c695-4bea-9f9b-c11bca98200e,1b992b18-7e2f-4788-b02a-b9430d6906d8,2023-01-25T13:41:02,duplicate,lost,152.02,EUR
958535d6-a571-44ad-979f-706af3060c1b,8a00622c-5cc7-44a4-94c5-95501d293658,73c46c23-3212-48e7-b450-3a29b24fc137,2024-04-23T01:22:43,unauthorised,lost,4.05,GBP
a0496233-ae1f-4c2a-89a7-1052af6bf331,b5df6a1d-54c2-4f1e-8de6-2fa0fad965e2,e336645e-2b2f-402d-85c9-a3503bf2b87a,2024-11-27T20:51:23,amount_incorrect,lost,164.21,USD
4313fdb7-03d4-4146-86eb-66f42925c125,0430722a-a0ad-488c-9f48-54ab263f22f4,d3108113-53fb-4725-bf72-2120cac34dc8,2023-10-03T18:44:44,amount_incorrect,pending,214.66,GBP
9fb988b7-5ced-4013-a98b-37be1be1054e,4397e12a-8ff1-4dbb-8af5-84a3d3e2d004,c2cea59c-26a6-475e-b6f9-88997d40f393,2023-11-03T17:41:48,amount_incorrect,won,79.6,GBP
7af92212-246b-47c1-8092-9eac473571a3,7bcfa218-9ba1-4ff4-9616-7089130b4cf5,afa1bae6-5d8d-4888-ad9b-efb91307b1bd,2023-06-05T00:11:04,amount_incorrect,lost,57.54,EUR
cbdd1385-501f-402b-94dc-83f89257528d,b4fc6062-0cf8-4962-a928-857910211c95,a03dc09d-ef6b-4f05-b725-4f4312d72506,2024-04-18T06:10:21,duplicate,lost,116.33,GBP
e711e58e-f5ed-49c4-a12c-bd16e606308f,022f7495-8770-4005-8afe-91514c780edb,a139bb0a-d223-4f03-a633-32cb08d4f6b1,2024-04-07T01:41:19,duplicate,won,15.35,SGD
d3680d34-7eef-45ef-9138-a96103826ba0,ddd7cda3-6e00-41f0-aaab-901e00613904,4e90c408-6e55-4540-aef2-0bc37767780b,2023-12-13T08:17:42,duplicate,won,151.06,USD
28a14a18-1e25-49d4-bcb2-6764a3427c6a,30f91c53-308a-4f0c-a110-0d742ec6727f,47fda396-f410-4df2-9793-3150dac58ef7,2023-03-24T06:26:28,item_not_received,pending,329.39,CAD
2dbce6ef-6318-4de5-a5a3-4d07dcc8c7ff,8e1156c2-5c75-49b9-859f-eed0ead58f90,4ac7ff43-4a27-4385-a981-25b02265248b,2024-07-12T07:20:23,duplicate,won,2.01,USD
77534d00-2427-479d-8bff-9e9fca4cd541,3e46e7b7-fc9f-4baf-ad52-921e5184cf46,439147fe-a49c-401f-a055-011cb97d1eaf,2024-12-25T05:56:01,item_not_received,pending,67.52,GBP
ea5f4789-7876-4b73-b797-ea82aae6c48d,bc72f15e-592a-43be-b924-fd39f9f70152,c666cb63-0870-495a-b4e3-4622dd1c6115,2023-12-26T00:23:39,unauthorised,pending,17.54,EUR
ea300a7e-9f4f-4a78-8f8a-ff45a39c4b0e,0a034d37-a255-4ce5-8cb3-e505c560efaa,cff9bd26-59ff-4f90-be37-7b89e4094e79,2023-06-27T09:56:32,amount_incorrect,pending,94.73,SGD
dead2efe-e529-4201-8757-9f95fa82118b,ee307ae5-1842-4fb9-afa8-eab1f2c521bb,81d0175e-9ce3-4e83-bf15-9426f57bdef0,2023-08-27T22:58:14,duplicate,pending,73.6,GBP
b1319816-4344-43ce-ae2e-a96770f532d2,180d2ebc-a191-437a-9f5d-dd4c8eab722c,16fee336-43dd-4a0d-8c87-09eaad76c47d,2024-12-15T01:24:38,item_not_received,lost,80.79,EUR
edfc50e1-39f3-457e-b8b0-ab3d00a0fdab,424f8b0c-74aa-4677-87a2-73e9594cfe91,c3fbaaa9-edde-4d34-b0c5-88f09a2f688c,2023-11-04T23:56:13,amount_incorrect,won,36.5,GBP
e03b414e-4239-40ac-862e-3dd23e440919,71c3d8c7-cb0a-4555-a419-b5bb234a0d41,feda8da0-6186-4b87-a4ff-68ecc2bda82f,2024-11-30T12:57:51,unauthorised,won,33.62,EUR
94ef89fe-7274-4ad3-95aa-fa619de0bf32,b61aceda-a91b-4b09-86d3-578b2747fde0,f73fd9e5-e18a-4478-be7b-3f20df2e718d,2023-05-08T14:21:15,unauthorised,won,1.08,AED
8bffc608-4e8e-4cde-a2ba-d350d87e624b,3aa6b487-0afa-4716-b601-0dd6750dd79d,5b7e914f-e461-4aae-9939-f8ef1206a465,2023-11-22T05:39:57,unauthorised,won,23.92,GBP
8d40d51e-b719-478a-9022-634075b4bbf7,03772203-bd54-487f-b5c3-d0e158b7c004,a624c098-b784-4bbf-8974-fca07f8f008f,2024-03-22T00:35:32,amount_incorrect,pending,479.31,AED
35b6e7d9-f41b-4047-97ec-dd2a0e203f28,d6e24f22-06c5-47d3-aa57-5f8a6242038a,ddc3eb6b-5f93-4239-b88b-1e9483121a30,2024-08-29T05:07:01,duplicate,lost,13.47,GBP
fa5f972a-3e58-48d6-bf92-a7cba6633730,d261a00f-8de6-4463-8f12-8ddf25baa5ca,cff9bd26-59ff-4f90-be37-7b89e4094e79,2023-03-08T04:32:29,amount_incorrect,lost,129.8,SGD
ca14ed5e-1e5e-47b9-8b8b-2fd18efea9ff,b588d006-cddf-4263-aaef-1a2fc92c0f3a,a6842fa4-ff7d-4340-ae6a-ebc56fc31154,2023-09-30T02:27:48,unauthorised,pending,75.11,AED
2156be4d-4198-45c2-a178-20eaf07acaa5,6814f0d7-b9b1-4e97-b771-b4352625f41a,4d3ee98d-21b9-4f71-9527-f712966de065,2023-03-30T23:19:27,item_not_received,won,9.37,USD
18dbbd3a-a063-4d4d-bc28-d79a2182c830,4562a49f-27d6-4e6f-930b-884627edd8bb,6d87306f-a6f2-4118-949c-61636c7c18d5,2023-07-14T02:52:32,item_not_received,lost,67.66,EUR
eeb67371-9db2-44d1-8786-82059969c2e3,e9186109-de21-4516-96cd-54c5739e6eb1,e903cca1-f94b-45d5-bc55-ccf8d24ab78d,2023-05-29T05:34:19,duplicate,won,226.68,GBP
ebf3bc74-78fa-42e5-9046-5cf92baebd1f,675daf0e-6a06-4318-b8ce-2afa6ed3ef46,7bba2a67-fa1b-402d-978a-709ea2865da2,2023-02-17T04:42:48,amount_incorrect,pending,54.81,GBP
46896bc2-bba5-4381-a305-129d11424aa7,8e0f0d8b-cbca-43b5-9d92-7e69b9e4cbcd,a200b126-c851-4ffc-8ed9-49f5122f2016,2023-02-10T15:09:47,item_not_received,won,27.91,GBP
0a20e5fb-9e80-4b1f-a5aa-db99d9405bb0,b12c33db-314c-4918-b4a0-90bb737064af,62a2cd33-419c-4ef2-ae47-cdf58f324891,2023-03-11T23:04:13,unauthorised,won,145.98,USD
d9d0c73d-d384-4e77-b2e2-be2cad87d59b,a513ef21-600e-477e-a8ab-6420b1306b9d,8343f320-d22b-43e5-9d56-d9d442a63404,2024-08-19T09:33:12,item_not_received,won,213.03,EUR
afea9c71-d9f3-40ad-a68a-938268d177b3,d43893b7-6fa1-4f11-9fb5-367ccf962d98,4bbfb8be-c27a-40be-8cbd-fce76804f012,2023-08-05T04:14:58,unauthorised,won,17.65,GBP
8cd12e64-7f94-4e0c-b915-6a0c7397a4ca,ddbd2f46-69ea-442c-9187-cead4d773d32,6399de9b-d4b1-45cd-8fea-3651c4884aac,2024-11-30T00:38:02,unauthorised,won,258.12,GBP
bdfd89c2-f661-4a61-b7fa-6f7de689bc2b,17be6536-15d9-43e2-bda7-149933675d43,e61a9fbf-7819-46dd-89af-c1654867fa3e,2024-05-13T05:57:27,amount_incorrect,lost,98.53,GBP
ecab603b-5c2d-4086-b56b-cd0a3413dcae,2cc6dca6-35fd-43ce-a69f-72bdc5504132,75d7c19d-6139-4bd0-b067-5706574b4ed1,2024-09-24T14:40:06,duplicate,lost,79.67,GBP
7baf5eb6-1c2e-426d-9ca7-62183503446c,e4a611a9-12b5-479f-b02d-e2a7a0dbf130,a920b65a-de9d-407a-bf90-e769b4af7efc,2024-07-03T16:26:25,unauthorised,won,35.93,EUR
170728b6-42c8-4066-b321-62ea6b4d752b,7aceb77e-4ecc-45bc-9c46-87eff424e216,3e71047d-de93-44c7-87d1-9c3101bad181,2023-01-18T02:50:48,item_not_received,lost,49.18,EUR
3243a2bc-1aa8-46c9-818a-77833f99e388,af2a84f0-3414-445e-8852-7be4748537f9,0c571428-e18c-4c1c-b5aa-41e41091dfb9,2024-01-31T16:18:11,amount_incorrect,won,124.57,GBP
39fbaa60-2972-434f-9368-e0a47b3295b5,740dcc46-8c27-4713-9056-aa9bffc111be,dfe12dfb-b513-442c-be4a-06d90a2f9e34,2024-06-21T04:00:43,unauthorised,pending,25.35,GBP
1b3984b2-9a49-43d0-a254-8b4876214834,efa81ae9-5c91-4bb7-9bef-be7dc12eb340,ac221822-ea24-4e10-935b-b1d45b8eb2fa,2024-07-14T02:52:03,amount_incorrect,won,43.72,USD
2240b7a7-fd15-4fbc-9a99-db188985c48e,2bc193fe-2022-4492-94de-53eb959ac036,554ede83-dd5f-43e3-b3b0-133f82d70e8f,2023-04-28T15:59:55,duplicate,won,96.05,GBP
2ff21e36-751c-4bda-98d8-e1421d1b9728,a7cb18eb-ecb5-4235-b0e3-fa590a3b11c7,42448d41-4dc0-4394-b612-8fbbd6ac1d7a,2023-05-12T16:33:49,amount_incorrect,won,23.03,EUR
4a8a2dfd-373d-4ce9-b97b-312619b53224,48fa2d8d-4724-4e70-af82-c4ad4c5fdbab,a320c755-7f16-4099-8cc9-d4e705117730,2023-11-04T11:35:24,duplicate,won,91.81,AED
523ef38a-92fa-4779-a784-6f386f1bdcf4,86765bae-e1aa-4c9f-a013-04bb2f18f495,0f1c4271-865e-440d-b291-7e186fb263e8,2023-07-11T01:01:47,unauthorised,lost,8.87,CAD
31f0ccd5-3689-4081-bdbf-f72fe60fb9e7,5d7c62c9-b7c2-45d5-9791-e7b948d0413d,374cdaf9-d676-4269-8625-b4f9b97ce38c,2023-03-17T16:59:46,item_not_received,lost,2.26,GBP
545725de-90ba-4102-8f47-04312c07ca32,e439b097-725d-4445-8049-059a863adf9f,1ec38752-92aa-4185-b027-3b1664bad65f,2023-09-29T00:36:40,unauthorised,won,29.09,SGD
37bbe3a5-9c62-4dea-9b23-8daebf59ad93,00f3be3e-9adc-4a2e-972f-3afaeedd65ff,8c895234-968a-4c66-819a-6ceb4a5208bb,2024-06-19T03:13:34,duplicate,won,79.06,USD
d5bb8aa0-6089-40e4-a833-e11534100744,6b0d2f32-11ae-4f0b-b857-135538f92d99,6dafce1c-fd9d-483c-9eca-4d7872907114,2024-05-25T02:04:47,amount_incorrect,won,215.24,AED
3d2e20bd-a842-4f31-8bf9-a8c7ccab6e52,b511ec46-3fc6-4913-a356-00f76107051a,1e592275-ab1c-4c2e-8b6a-394f91b2d973,2023-12-01T04:09:05,unauthorised,won,87.88,USD
f4ac6dc1-9375-4471-8aa8-746150cc659e,ae67ddd5-849f-4495-8791-d0f0d8f03073,e28896ab-16a0-4376-8650-6384953a7146,2023-03-17T09:46:53,amount_incorrect,won,2.5,AED
e34932ab-cfb0-4331-aa0a-09920414ffd0,791e69a4-c166-46c1-b4c0-0aab5fa3ed71,5363efd4-6e72-471e-93e3-5594907e8afe,2024-10-20T20:17:25,unauthorised,lost,30.57,GBP
cb049738-0a35-4568-a0d7-813ea9ecbccf,8083cfca-eb58-4b0a-8f3f-a34642d9ad2f,b51dab1a-6af2-471e-ad1a-c1ff813c9ea4,2024-05-20T22:34:49,amount_incorrect,lost,105.54,GBP
0c14d75b-4ee4-41ee-82be-855360d45e79,27f8fe36-3af8-4581-a77a-02c7bb9a6a86,18ec0413-39da-496c-9432-be35992eed8f,2023-06-04T06:41:27,item_not_received,pending,99.24,GBP
2558a705-9539-4354-923f-17b0e3f9d725,4e8580af-d60c-4620-bac0-349301f29670,28d8408c-890e-44db-9036-5833e34085b3,2024-12-28T16:34:21,duplicate,pending,86.97,GBP
9f7a26f8-cee3-44b0-bd8b-95e62293aaec,3793fc2d-d518-4489-84bf-34374eda4d82,b67a6ca1-ae65-45e0-afca-e84c109f21e0,2023-06-24T00:47:04,unauthorised,won,240.84,GBP
497eb6b1-9b28-4bf6-9dd8-f98112858a92,08f16f38-129f-46d0-87d9-a5f7be8b971d,1d3ffb9e-eb3e-40e2-9c31-aed8088cadc8,2023-10-13T11:45:43,unauthorised,lost,7.48,GBP
3baf58aa-5476-4d35-bc28-9f2f3513bed6,9ea5eedf-915b-4e88-ac4e-9cc2ba8abc24,54b2842f-b856-4d94-b518-43412b945e99,2023-01-21T15:47:04,item_not_received,won,243.24,GBP
3709650c-a443-4302-a8a5-c9eb205f94f6,09caa618-d4c4-4eee-8e90-778e0979d521,15b6af68-73f8-45fa-9718-cfc94fffb60e,2024-02-05T21:51:41,amount_incorrect,lost,17.77,EUR
0bb82c15-0774-4d18-abef-ac2e459959e3,4db5b1a0-183a-418f-8a80-7b764dde3598,f5081873-c08b-406f-880c-937b4ed0c193,2023-12-16T04:32:23,amount_incorrect,lost,29.48,USD
aac0ff90-8787-4e06-b6f4-3b1b5a4e0be7,2a424827-340a-4f5e-abe8-18651766f326,26dac812-8706-4485-b402-c394d423c108,2023-11-17T03:29:05,item_not_received,pending,140.75,GBP
5d069d82-2499-42fa-827c-d62f1eec5cb6,ebadb481-0a2a-47ad-88ce-176dbfbe41c7,6585bee2-c684-467c-bbf3-8d8348254135,2024-10-14T17:28:09,duplicate,won,254.57,GBP
bdb0d2cf-8d18-4688-8837-f9774cf4f874,2f1a46f6-5ebd-40cf-99a8-83b04f3064da,eb2aecfe-37c9-44f9-984d-c4158578bd4e,2023-07-01T01:57:59,duplicate,won,64.32,EUR
14fca54a-386a-4ccd-93cb-4285c13ac615,f2a959bf-92ee-4a5f-8e10-11216ba17830,6995bce1-1f4e-4f4b-bd2c-647f66da2307,2023-02-05T19:59:05,amount_incorrect,lost,100.68,EUR
7d82703d-b2f8-4cb8-bff3-65a07f816194,946d4faf-93b9-440b-b5c3-995077b7fd35,1e592275-ab1c-4c2e-8b6a-394f91b2d973,2024-10-17T02:19:39,amount_incorrect,lost,20.09,USD
103c59fd-1ee5-4ada-bdfc-d2e84e231ed7,af3961a1-5d5b-4eae-9681-ef17378c6243,ff6795d7-8c47-43a7-9576-97bb4d9e6278,2023-09-08T23:05:17,unauthorised,pending,24.75,AED
593da4e1-6021-49ee-b762-6ebeb2a500d2,f1aea705-62ec-4ddb-bea0-186fd100f547,df1d0bf6-6f86-4faf-a40c-08abc4a7b684,2023-12-22T09:52:36,unauthorised,won,319.23,CAD
47f64ae0-7d19-4adb-8cf3-3e2e9d7e0df9,20be506b-623d-4e83-b157-0cb7d0f69a52,381b5de0-0c4f-493c-be44-8fc182da22b4,2024-08-29T07:04:11,unauthorised,won,228.19,GBP
bda5736a-7cdd-4b77-ae8b-0532eb7c652e,cd5cc765-5d8d-4a58-a9f7-3eb6b93db2f8,0f1c4271-865e-440d-b291-7e186fb263e8,2023-03-29T10:06:20,item_not_received,won,21.47,CAD
2d3c85c3-b803-4480-8bbc-4e21c051fe5d,9f3873aa-1395-4d7e-bfd7-17f898e58ad6,66e61bac-cc0a-49ac-bfbe-674257b3a1a6,2024-03-05T18:43:13,amount_incorrect,won,91.13,GBP
cf46a96a-b81d-482d-9f33-871ec82d453d,8e1592d6-fc19-45cd-95d2-7619d2657019,0cbca9e6-8871-4829-8d2d-520c7faa4679,2024-07-09T07:20:53,item_not_received,won,13.15,GBP
4ee4fa8e-cbf1-4325-a45c-4db737944450,b4cb9668-81ed-45e5-8a4c-3a0b16fb33cc,d1371e67-a06e-4974-b2b5-a448ba24ae8a,2025-01-13T08:14:53,unauthorised,won,22.71,GBP
4184c6af-b4eb-40bb-a291-6897f7475c8b,fc86ea9c-be99-457a-9fd8-e3326901bf86,1ed3aa35-be3d-4bf8-a823-6cdeb03fe902,2025-01-04T08:02:42,item_not_received,pending,83.24,GBP
c0538289-6bff-4aac-9508-aed84e011896,64c11736-54b2-4ca7-9424-af960df03c0c,c421bbf5-3375-4fa3-8301-5c785432fcfa,2024-08-01T20:41:03,amount_incorrect,won,6.47,GBP
5e365489-7e42-4a6a-8e82-a4ee8618738b,97e78c11-6cf3-4c28-bb89-ae890c5ac4f2,bdbc9f91-dd9a-40e6-a02c-8ac172879946,2023-02-12T02:43:00,item_not_received,won,22.36,EUR
075aa3ed-1f10-4d1f-bae6-2a3fdae5c33f,1a8cf194-104e-4aa3-a8e3-0509ab6a2830,0f1c4271-865e-440d-b291-7e186fb263e8,2024-07-28T05:39:01,item_not_received,lost,17.88,CAD
f5f40220-c6f2-4236-bc63-63fca7110cd8,49d5939d-c3fb-46de-89e0-5ff720dd7aa0,a5556ee3-3470-4f22-a49b-d20b775ceb06,2023-06-13T11:26:41,duplicate,won,27.62,SGD
6e6c7268-bf65-4d67-98af-1b5fd041ef70,3ae79fe1-975d-4239-9eb2-6e035c80ae40,077e9898-f253-4622-80d7-37985eb35d62,2024-02-04T04:21:26,amount_incorrect,lost,86.48,GBP
5a56046c-5ea6-40d9-abc5-0b55d237fb12,d4e9092d-134f-4689-9a34-ccf271929c6d,a6624c23-8712-4ac4-a4d5-d0c4e24bc0cf,2023-06-18T09:41:38,unauthorised,lost,153.23,CAD
48d0f51c-87b9-44f3-a54c-d71e5642bce0,e7362a1a-105f-486c-bfb6-5788a1dbc041,fc2d22a6-8868-4e72-b96d-8eff467a01b3,2024-08-31T07:51:29,duplicate,won,88.05,GBP
2ec3917f-2679-4aa8-9708-e28e54b38ca4,0e723331-1009-4db9-a8f8-f21a75153d58,3a14f91e-41fa-4aa4-8ef8-74700763b610,2023-04-21T00:49:52,duplicate,won,29.87,GBP
29b82139-cbbc-4392-8e2a-66ecadeed35c,fb8844b7-4a33-414b-bf2e-75dcc4fa1707,313eda84-36c1-4030-8288-e803975c573f,2023-05-17T10:51:27,duplicate,won,17.87,USD
067797fe-03c3-4403-b478-1f5f105f8385,a117fe46-9873-4dd7-95b1-cf045989e9f0,23bd5d47-3e12-4f40-84c7-070e6f691149,2024-05-23T08:25:03,duplicate,lost,100.96,USD
4c1aef9d-a03e-49df-bf36-56ed9674904c,5dc4ae22-f123-47de-a5dd-1ac8abd2bffe,fc45723e-a623-4bf1-80dd-35a11b03f42a,2024-06-12T13:58:50,amount_incorrect,won,32.19,GBP
a390e539-41e3-4f50-97f0-53bababc698f,c2659a8c-d710-4ea3-b391-4c16b1e8282c,b4f621dc-c058-4ea4-bb2b-a7461f6deb67,2024-05-27T16:17:14,unauthorised,lost,40.16,GBP
e2510f95-7fb2-49d0-93e1-f3266d584287,2ec8624f-5882-405a-a4b9-3899ed771448,5404e440-a267-4662-9eae-92f378992cb2,2024-12-25T08:19:18,amount_incorrect,won,7.21,GBP
e37da83a-5af5-4e7e-9dd6-3d66c7889b31,96e66bb9-e7bb-4919-ba05-65d33e0726bc,195ebb5a-62b3-4b6a-bca4-feaab5e712fb,2024-10-14T11:09:01,unauthorised,won,54.25,GBP
ea34a0cd-e680-4267-b3d9-33d2a0b6a90c,114530ab-b634-46d4-9f8e-1374819960ed,f2f9f836-b3e8-47e9-af23-85b549060691,2023-09-19T20:32:43,unauthorised,lost,19.09,GBP
40db5d62-dc7a-4a56-b837-2a8b9989bb60,763062ac-acec-4c21-8705-95a907c6255f,22da6532-60a9-4c56-b971-fdaaa030dadd,2024-09-10T22:36:16,amount_incorrect,won,69.66,USD
720e5534-dfc8-4e0f-aa09-995f2f67b521,e5b4050a-cffc-4b5c-aee4-3e5c07101caf,b1a4bc54-7b37-420a-975c-75670fe35031,2024-08-05T19:39:34,item_not_received,pending,105.85,EUR
8317049f-fd32-4524-8ebb-3ad0e1839195,33e5575e-7575-4672-880a-fc4b765adc19,2f6b2af8-38e0-4b1e-9adc-1c3a103f6e90,2024-07-28T20:19:36,unauthorised,won,65.21,EUR
c49b475d-7a6d-430f-bf4c-4a7c8fcde04b,d785210b-4943-4597-9cd6-6229e4f5414b,b4f0c2ad-40d8-42ab-bf6e-da0de9b823e8,2023-04-24T05:04:29,duplicate,won,13.39,USD
c74fc683-0c34-4ba6-8ff9-48f0f4486471,df7d3eb9-3d90-42ba-aa1b-f1176c1e0414,2139c53c-50a5-4ec4-80ed-e03f33cd6697,2024-02-03T06:09:00,amount_incorrect,won,6.9,GBP
9a244427-9313-4e84-86db-72e6cdaaedd8,832fec70-9b43-4399-895d-e2ee83917d62,9f2040db-a50b-45b0-8f01-05ac7556599e,2024-04-14T21:20:52,amount_incorrect,won,23.97,USD
2bc72a3a-af53-461f-8830-40fe891c504c,9025ed9f-9a70-4947-af5b-68372f49deb4,4fb42bc1-5aa9-48fe-a9e4-7adb84940dca,2023-02-17T06:02:36,duplicate,won,86.76,GBP
b429095f-33d1-4d0e-a111-1344cc8bee4e,ec742b9d-425c-4206-8aef-17423986288e,11042e98-e288-4fb5-a581-5d02bb4e0803,2024-10-28T16:18:08,unauthorised,won,18.6,AED
ac695c1b-cf59-4817-9778-6b65ee90022f,2495d0f7-d855-4307-ad01-ba64cacd628a,1a5b0b70-80df-4992-bd55-daf705b2661f,2024-04-04T00:39:20,amount_incorrect,won,72.11,USD
60f17098-1f74-4269-9917-d930ec1f0823,91e97958-d15c-40eb-b0bb-38c4fcbac635,29e4f5ea-7287-4678-8a3e-4e015852b08c,2024-01-17T06:25:13,duplicate,won,68.81,GBP
b599e061-47ad-4de2-a65d-e8b0557edfed,3600d0e4-41fb-4d47-ad67-fadbf9ef00a1,1ec38752-92aa-4185-b027-3b1664bad65f,2023-04-10T17:47:32,duplicate,pending,109.62,SGD
16711b70-cef3-4bce-9540-4ae804301d04,160eaefb-8e26-4eeb-bf57-562f9a6766c0,e77c9c0b-6c7d-4a59-80a9-0ff86a9e5838,2023-10-26T11:34:37,duplicate,won,43.83,EUR
12990b59-0eb9-43ce-bd99-fa1acb495d26,bce08692-ad16-40eb-b1b0-95933147cc97,280dadac-fbb2-4193-8608-6d5fd8ab49a9,2024-01-02T13:21:25,item_not_received,won,16.15,GBP
7a3dcd68-deb5-41ac-9334-87a42dd10767,59c05281-3abe-4e11-9fad-43476e95476c,97f08446-b76e-474a-b4e6-1ce8ef8e57bf,2024-02-26T21:13:20,amount_incorrect,lost,26.26,USD
0e3e3d90-b990-4743-b183-5d878f62dbde,9c1f5f45-f6d3-43b5-83cf-b31d5c477550,2d12e488-6d74-4deb-886e-3f38a7d3d5e1,2023-08-28T20:21:49,amount_incorrect,lost,9.97,GBP
59ede47f-4db8-4d41-8324-01cc6f16eafd,a845fcf3-ff09-43b2-bde5-a122124085c5,0dc553af-99e9-46f4-a0c8-ce0e91a8e822,2024-05-15T13:46:49,item_not_received,pending,57.86,GBP
3281cb27-9f4d-4619-9834-8d1997bbf592,0c16e0c6-43b2-4460-8432-31fc37c1e89d,73c46c23-3212-48e7-b450-3a29b24fc137,2023-06-13T09:50:01,amount_incorrect,lost,53.08,GBP
fa1173cd-4bc5-484a-81b1-d0271d7f4c61,2e15869c-974f-43dc-b915-d55b7669e673,15805eba-fecc-409a-a099-c472fead3b16,2024-07-19T12:17:14,duplicate,won,10.96,GBP
5cf5c9d1-23fa-4be6-a24d-3cda565a4a6a,15ca6bbd-c4f4-4e1e-a922-d11372064e8d,ff89beef-c56b-4e16-8a45-70021600d61d,2023-09-23T03:14:48,amount_incorrect,won,143.56,GBP
3c16d4e4-6696-4e65-a39d-46c3a46e89ab,b24e4706-96e9-4041-96e5-b78938e7685b,9d043813-a892-449b-8806-8142dd8f3c11,2024-09-21T17:02:42,amount_incorrect,pending,28.26,GBP
d7b943be-3925-465a-85fb-3472fe454a53,bd4274f8-864b-47dd-8c54-d4800e650e81,b437dce0-d6ce-40f9-a7a4-446fd9db3e96,2024-05-16T04:17:52,item_not_received,lost,1.69,GBP
9af41644-e73c-4a86-af2b-a12b43c8263e,711a89b5-51d1-4d97-b626-d34135bf95f1,d8cdbfff-23b5-42ec-9a63-fa9edfd108f2,2024-04-14T06:09:56,unauthorised,won,22.62,GBP
33d3e042-78c9-4a7f-8d47-19dcc4dfdb25,2cec0669-72af-4389-92f9-1ac55c5ae713,b318f33d-b604-4629-8b02-90609c28b57a,2024-05-24T02:22:24,item_not_received,lost,317.88,USD
f7c94587-59bc-4e2d-ada4-e45cffc3e611,9203641c-5161-49d1-a404-1a1fa65a72bf,ff61ef59-72f9-4b6c-b743-3b033adf0499,2025-01-30T01:17:06,unauthorised,pending,76.37,EUR
c6289be5-53b7-446c-b524-e5a11cff2d29,78878e7e-0fb1-409c-ad1b-b989d93d733b,2b5c54a3-49f1-4792-b777-3e37dc392379,2024-02-17T08:44:57,unauthorised,won,9.17,EUR
73a65803-8ef5-4286-bb83-7a069fddd8a9,90e62c91-4788-45c5-8f3a-35f822429183,59377551-1e52-4cd7-9eb8-f17e81c93ddc,2024-05-13T04:09:21,amount_incorrect,won,120.18,EUR
189a0a89-a3be-4b25-b32c-2020251d56aa,4cfed481-c57d-4c34-96d8-bc6a0a10d35e,7e6b41a7-3f9d-4cd3-87d5-e596a707cdff,2023-12-29T22:57:11,duplicate,won,22.19,USD
cc45cfa9-d1f2-4c1c-84f5-7ae1adb9c01b,3b68d801-e34b-44dd-a5be-f96077779805,571bc34e-913a-4d3c-944b-f23b556a6308,2023-04-28T01:19:05,unauthorised,won,53.69,EUR
3fff1fec-2c78-4e1c-bc3e-69fa7eac0a2d,94b5f85f-04ac-4fae-b343-e16f26f59838,ad016ca5-0140-4d5e-b352-e7493d5ee903,2024-01-06T04:49:44,amount_incorrect,pending,192.57,GBP
54066cde-f977-4253-9051-5af74a1550ff,3563ad93-ed9d-42ce-9612-c76951f71399,a102518e-8222-4de9-b16e-b00d88a5258c,2023-06-25T19:44:08,duplicate,lost,58.17,GBP
41a61803-95ba-4ba7-958a-546b73026de2,3e99d92b-7d9b-4179-81b9-3695b45f2138,ca0757d4-7f07-4b85-b393-0e8649a8bd4f,2023-12-03T23:20:09,item_not_received,lost,253.23,SGD
9198733a-dd4c-4484-8184-c667c306176a,e14f956e-7796-4d65-97b8-044b10f5ea67,71f3754d-de35-4407-89ec-dd65185e1aff,2024-04-06T03:45:33,unauthorised,pending,122.99,GBP
b6f95d81-163b-4f01-b0f1-a0cd6acabcc3,d1df3c15-ff52-4916-8bc5-f12be17a3afc,9133c2ed-b952-47a4-8fec-b096c3ec6638,2024-11-12T06:30:15,unauthorised,pending,118.3,GBP
b98c09cc-a894-4aba-a692-3763591086b4,8a7d650d-ba20-4adc-8feb-2e04c40d3c1e,4af16e20-13e2-4bfb-8edf-6a3030a83d79,2023-05-07T18:42:34,item_not_received,won,40.17,GBP
dfd46223-e18e-4398-ad43-44079f178280,3ee100d6-2bca-4e94-a792-23eb910bef4b,3631d2f2-3158-4aef-9c1f-4718b116a0fa,2023-05-25T05:09:42,item_not_received,won,14.92,USD
70d89932-b4bd-4a25-8221-dfa960940a93,39aa1563-328d-44a1-8ac3-fba62b66aa7b,3012694e-715c-44cd-99b1-1a297a46bf83,2024-04-30T03:24:47,amount_incorrect,lost,88.99,GBP
d88aa024-f284-49e8-88e9-e131f34ec2e8,c1aa2b88-042b-49f8-890d-488db23b78b2,de40dcde-3159-4dc2-8c4d-b10e9914e92c,2023-05-21T08:30:05,amount_incorrect,pending,90.1,GBP
57ffd6ab-29ba-44c5-9204-5fc7cd8ba53c,e9bebd40-0297-4b2d-9e9b-9398daca1bd3,ad5af38d-9efd-4f4d-acae-7f1a5d9605d1,2024-05-29T15:07:45,duplicate,won,19.12,EUR
0b4db937-a011-4256-8507-00cc09b79fab,854a17b5-71c8-4eb8-9b64-9fc8b48469aa,101b0f22-7349-478f-a0f7-113864546501,2024-11-16T18:42:53,duplicate,lost,69.66,GBP
7a7caf38-d4c6-4b85-9c2a-c1973bed5a5f,647057f0-31ec-4d99-a026-22aa1730ba9b,a79b37bc-1793-49ae-a4ea-8d0f9b403cad,2024-08-25T18:39:34,item_not_received,lost,33.23,GBP
add34778-f2ba-41ea-b973-628c91ebd23c,53e1ca75-d7f7-4f46-a072-55032d1329f2,bfb75721-270a-4747-b5b3-a18615bdc2f7,2023-06-20T10:55:46,amount_incorrect,lost,120.48,GBP
c99076f5-63a3-4fb3-8732-b0996a9292d7,61371fa6-332d-4963-b3c7-0e6fcfa0608c,47dc95f0-07a2-47f0-89d3-a534d92c5bed,2023-09-07T18:45:35,unauthorised,won,21.77,USD
39e6fdee-8341-44a5-8c54-175ca64e763d,3c8641f7-23d7-44ba-a4bb-c872a9a3c47d,f44da2a4-3efd-43d5-8314-fa3c6b60f7ae,2023-06-16T02:22:12,duplicate,pending,195.9,SGD
a9cf7d83-e88e-414f-b71b-318e089bad68,9799027f-3284-40c3-8ec0-9cb8b08bff26,67af02ea-80c6-424c-b9d6-14e1b0035117,2024-03-11T19:56:33,item_not_received,won,5.42,GBP
f36118c3-2451-43b4-8c03-f652407d668c,11a65c1a-f62d-4d99-97ba-68b97eae0a04,3550ced2-b1ad-4555-b67a-06e92948919a,2024-10-16T11:32:19,unauthorised,won,143.37,GBP
a81eaf59-25b3-41ec-bd1d-876146576c10,899be531-71db-471c-8f3b-4c8f917c3fb9,038b6765-ca34-45b8-b57f-f2f57816b0f5,2024-08-22T11:06:27,amount_incorrect,won,52.62,SGD
ee9987b7-0618-409f-b74c-727d4afff1d6,9a160ad8-0718-4128-a080-7286847e6780,03f509ea-24a0-4228-947e-958d46cd2395,2023-12-25T02:58:20,unauthorised,won,63.66,GBP
5f4f4510-6ee0-4b32-a395-7886357db02f,eb2801c3-ffed-4c33-95dc-f0582b7ab520,845d748e-6b0b-480a-b2e8-09b471136a4e,2024-02-23T10:32:49,amount_incorrect,won,85.57,GBP
2a0efb2c-890e-406c-9e30-1827c502122d,83d5eb8e-1dfa-4122-90cb-fb144ab12c3e,fd967393-fe32-4b81-9129-429b279755f5,2024-07-21T14:18:58,unauthorised,won,149.09,GBP
c00ca722-5819-4215-bcd6-444154c67e0c,254403ea-8d80-4715-ad98-68c13e6cdcd5,58b88859-5f76-41d0-b18a-6d70d4fb0380,2024-02-01T20:08:12,duplicate,won,3.49,USD
821159d8-0378-48bc-8ecd-0a6d0c61b8e2,9f1752b3-4e6e-4156-8d5a-437916a9eb55,40201ac4-6c05-457f-87a1-0ddddc016095,2024-02-21T15:52:59,item_not_received,won,32.17,GBP
3bd71a53-ca7d-4438-a959-26021d5aea1c,ca436213-6f5c-4681-a194-4b2a732c3ee6,256f1c2f-e506-4d36-b386-bbc775dacfc3,2024-12-14T08:34:12,unauthorised,lost,19.55,EUR
6f8c3893-880d-42da-ba65-c89f78a80bbc,3f71f37a-c6ba-4dc7-87da-5fdc14977c93,4de6992e-1609-49eb-92b4-c57fa8da5212,2023-11-07T19:55:02,item_not_received,won,1.2,USD
a8f01312-16ed-4b21-8366-f25a79cbf105,c47ae24a-cd07-4de2-be30-780f6811eeee,84318532-d9e0-482f-8e09-459974849e2f,2023-03-21T07:16:23,duplicate,won,75.49,GBP
36e7f95f-7163-402a-84c7-4922cf894b9a,6560d01b-3f19-4834-b44b-f7fffca446a0,44ba7ae6-0858-4db5-a956-355c8dd4377e,2024-06-28T07:21:16,duplicate,won,223.29,GBP
65d170e6-61cb-481e-ae8b-5923b87de2e4,ed8413b5-7dc1-4e3c-94a8-4fe880d7e494,5d69f0c1-ecf8-4d48-a9ab-f13b419bcdba,2023-01-24T08:10:18,duplicate,won,96.59,SGD
ca94f049-ffb4-4a5c-87db-b215ba2c8c18,73efacc4-467c-4d9b-b9da-43f9862c8de0,144cfd68-44d3-448c-a875-cc3aa1e66182,2024-12-20T11:19:49,duplicate,won,18.42,GBP
5dd4ea49-c16f-420b-8668-d4b3f6f334c1,442197c6-24dc-4cfd-abf0-7b0ab3d80cd1,6503d8f8-108a-4d90-80aa-cb73eab6924b,2024-04-03T06:36:35,item_not_received,won,72.67,GBP
661182cd-a00d-4101-99bc-4cef1309f6fc,57ae5746-c98a-4a87-92e3-940c7daa311e,ea57165a-f24b-460c-838f-0ca7a4f4d0e5,2023-08-21T08:33:38,item_not_received,lost,101.56,GBP
bfa4e466-f6b4-4a90-bcac-8e74c84c7451,2a90fca3-16de-48a7-810f-083ea4b5e40d,93cbeef2-56fd-41bd-80b6-eeacf809f9ca,2023-07-19T23:19:56,item_not_received,won,214.61,USD
c44988ce-ce27-41aa-b8bc-0e9d7809e8da,81810cd8-af47-481e-b9a6-c2c08c3b7e6b,da6ec52e-67ca-4fa7-ab43-cf117d7c7118,2023-08-21T04:34:46,duplicate,lost,1.31,USD
ff845e08-5ff2-4f21-b688-12d5b39112b8,386073ed-931c-4119-ba27-7d7e20b366bd,fc8084e4-0019-41ed-af22-59e2d622a483,2023-10-29T21:57:34,unauthorised,won,26.48,GBP
64eccad4-862f-436d-9e97-146681fd3418,6994ce6c-f162-4364-8886-3cea1d00ead1,01ec7690-15c6-4eed-b4be-974436d00fbc,2024-05-31T22:01:12,unauthorised,pending,8.22,USD
bfb2dda6-ff45-4ca5-9a43-5dc367b77fea,13bb71fd-52f3-4e39-b2b1-6c1491835c99,399ecc8f-7f75-4833-b36e-4c2f11fde75d,2024-09-16T17:00:03,amount_incorrect,lost,682.76,GBP
4c53253b-f7f2-4d0a-8e29-5938098b6446,466da2dd-eca0-455b-8ef9-f65fcb5c6109,2ecec453-d832-4af9-8eb7-a58a1a1fcec2,2023-07-07T03:15:13,amount_incorrect,won,12.77,EUR
60179c2a-b081-4970-99e2-2255d6e660cf,689e30cf-c9c6-4360-bb97-b204a6ebe4b4,9736e520-e7b7-4ead-9256-4b4beb8db59a,2023-03-22T17:54:14,unauthorised,lost,33.86,GBP
55b84035-8c14-46ac-bb85-803bcd1f97fb,96d517a7-a0e0-4d4a-ae81-387ecb5e7195,ed56891e-0de4-4e25-a754-65062acfed05,2024-01-23T03:56:13,item_not_received,lost,2.1,GBP
17881d89-ff3b-4f18-96e2-57803ee7b7b4,18e816c5-6ac9-464c-baf5-22ca722057ac,db5166f6-6bd1-4ad1-bb3b-cbbb94ea4ae7,2023-06-07T05:54:39,duplicate,pending,194.08,EUR
446fc314-8de2-4461-82e7-e5d5c01dc07d,3cfd1cc6-d8b6-457a-a52c-8e9ce4e0378e,c70b62af-2310-4c91-b1c0-8907b8581fd7,2023-12-27T18:54:55,unauthorised,won,67.51,GBP
5b0735d2-5f30-4f0f-8522-fad7253a2a9b,5f3f95ef-8de3-4a8c-8d80-ce30ca8aa25b,5acf0b08-2f88-49d0-8ac2-9784250c36f3,2024-06-03T09:26:43,amount_incorrect,won,51.47,USD
df0d8631-0727-4935-8612-8ed325f55143,691fd518-9fd9-45e4-98e9-6becf2540d27,05a847af-eeb2-4dc8-a57f-7b33f6972c8a,2023-05-10T15:46:07,unauthorised,won,157.08,GBP
965c90e7-e17f-464a-8d49-b166846f8424,a8d5ad2e-3dac-4fec-bb0b-7462f8e0f9f6,556ffe5e-3219-4107-b750-4ff287a66e47,2023-03-01T13:12:56,item_not_received,won,40.04,GBP
8f543cb8-fa09-493b-8eba-6b11464ed5c1,14510ce9-0a92-40c3-bd7a-7311900b5a20,d2df291d-dd48-42e6-8508-fa273d4404e5,2024-10-03T18:58:07,unauthorised,pending,5.93,GBP
48dc0c26-3aa9-4cec-b69a-ba2a8e5f2bbb,265306fa-3218-4d0e-aad8-7b71d4cf390a,2b18fd5c-0ff5-438d-8c9e-cfc8c1277338,2024-08-17T20:32:39,duplicate,pending,54.12,GBP
7066043a-2e2b-478e-8bcf-ac8e133fb73e,e436d3fc-53b1-436e-a1d1-dde50adfc8b6,287994b8-8233-42c5-9faa-e2565ec96249,2024-04-08T14:11:54,unauthorised,lost,190.86,GBP
d8d8e48e-c94e-4954-85aa-2ba01006822e,6d374a44-ec78-448d-ab7b-1995c8cff990,84d02879-77c5-4f57-90eb-f92bfb333623,2024-02-19T08:36:05,item_not_received,won,6.36,GBP
2e0c39a3-9ae8-46ce-897a-998b5118721c,e4cfd5b5-1641-41ad-90b8-ce02c4ab7328,51fe7da3-8fb9-40b2-9144-f841abbc1143,2024-12-09T12:50:21,item_not_received,won,159.1,EUR
93f5d4f7-76bb-4e59-86da-4c135fe1ccdb,35a42bfe-cd66-4b49-89ef-e1be5fd09e1c,4dea20af-32c9-4fc0-99d5-c56ea545f62c,2023-03-28T06:32:44,amount_incorrect,won,19.72,CAD
f1376eef-d062-434e-8ec2-347a1a56c4d2,aa424fda-8b6e-4ea8-9c27-9962e22d0ce2,bd8e72fd-0124-4d4a-a019-b3c0b749ede3,2023-11-22T17:35:46,item_not_received,lost,186.89,GBP
a42e6a32-d88f-4365-8ed8-5e235220a814,51878fe4-869d-46cc-8000-10026d2cb94e,7f0c95b6-c999-4c33-87bc-822d9ac2f958,2024-11-29T04:30:13,item_not_received,pending,27.7,GBP
01e02142-fdab-4bdf-8512-2584ec8a997c,d930e09a-70a4-4b3f-a9d7-8d5ebe4cae82,21687a32-ff36-48b1-9660-9b8463479b3c,2024-01-07T12:30:48,unauthorised,won,96.76,AED
abdc6792-e076-4a2d-88c0-d3b8cd379492,34b20ec7-3c05-4619-8894-277ab5f31cd6,09b0ccff-bfb6-42bf-979c-935da72592ab,2023-10-23T22:44:50,amount_incorrect,won,284.89,EUR
553cd13f-7219-4c8c-af07-f5a41c58e546,4cfe9631-bccf-49a9-a840-aaacb50456f6,01086ef4-49bd-4cb6-a5d8-8ba2af84fc45,2024-12-07T00:22:09,amount_incorrect,lost,276.35,USD
71e3f4fa-7c5c-4ec5-9dc8-0f8592138c36,ba0f2b63-1d37-4fbd-8514-797194d489a6,a2f6a188-d574-462e-9bdc-58c27d23a82a,2023-02-04T02:43:54,unauthorised,pending,102.05,GBP
844b1f3f-7ee0-49d8-b956-0259196c9b6f,b11cdf6b-3c3b-49d4-8e05-af6ad10322e0,ff61ef59-72f9-4b6c-b743-3b033adf0499,2024-11-26T22:10:23,amount_incorrect,won,123.61,EUR
2bd40e80-1487-456f-95c7-7b81910f632d,dcdbc0a4-c7fd-4ce3-9a0a-5d4826eaa5a1,f1b2014f-dd88-4c5a-9f95-fb243d8ac2de,2024-03-13T00:11:42,unauthorised,won,44.7,GBP
40a8f15c-c268-4c29-af0d-a6c39303ca99,894332aa-ec3d-4da7-be02-b30d1a1ff7a6,ded1cf18-8afe-46b5-b4a9-91476ca2a7e3,2024-05-11T02:45:02,unauthorised,lost,180.11,GBP
84609a18-ebf3-4fd8-9ec0-03a9586dbe64,1f76e79e-4002-4f4b-96cf-1d451fb0aa2a,62f7d380-2077-459b-823c-3768af459903,2023-07-28T17:06:59,unauthorised,won,31.82,GBP
393461ad-4cfe-4a59-91df-c5034d238842,d14e066d-bbad-470a-ab08-bf9b48b56e41,1da474e9-248f-4613-875a-f5e9e83f692e,2024-12-13T18:38:35,unauthorised,won,58.27,USD
729b4f7f-6e97-4439-8910-6794bb86fe05,941e5919-f774-4ba1-a61e-6d81499d238c,d3e60a76-0c59-40fd-ab46-71ffaa8129e3,2024-11-04T19:11:07,duplicate,pending,112.31,GBP
944a7e80-cdff-44ef-baf8-69214d789f94,46c8b80f-d72d-4d12-90b1-d16fba819632,6995bce1-1f4e-4f4b-bd2c-647f66da2307,2023-11-08T23:06:18,duplicate,pending,33.4,EUR
e87ec2b6-864f-4c3b-99b7-7950a3c0e52a,ad17b29e-f833-4989-ad74-bd255bc75256,bc02c64a-112b-4c1a-876f-e6e4444a1df6,2024-06-03T04:05:52,duplicate,won,89.14,GBP
7235b766-bcbb-448c-bb99-18c3d2acdea6,17188967-01b5-4b6b-97b6-8bc1528cca5a,ebcdec1c-876d-4d44-a718-00922900bc89,2024-08-11T00:36:11,duplicate,won,23.4,USD
21965a1a-3d7b-499b-acf0-5e64fa54dc79,6ecaed8f-b687-4a1f-be74-5b4db6fcb065,65ac3470-2369-4050-b1a7-46b394bf403c,2024-04-28T20:45:22,duplicate,won,76.67,GBP
c5b821ad-1a26-485f-97cd-50d5dd8c742b,db42d235-5613-4fc0-a23e-b335fe03c479,c901391d-15dc-4903-aa19-d2521f15e819,2024-08-17T11:27:58,item_not_received,lost,81.54,GBP
6908e537-822a-4b34-b7ed-13fe7b5d04ce,1014484a-99cf-41ec-8dcf-ad189b22434c,144cfd68-44d3-448c-a875-cc3aa1e66182,2024-03-29T04:17:19,item_not_received,won,3.08,GBP
33019396-0595-4cde-9caf-a12423e5ff76,c4100a96-d863-4cce-b166-9d22cfad3d96,b9b8616c-e8bb-4ebd-8386-e5b4129c79f7,2023-12-27T02:28:54,item_not_received,won,35.17,USD
5cdf0cea-c5db-4273-b23c-a38a7a5fe804,eb800b49-4993-4d55-bd3c-c07d6dfd5d36,18626671-b577-49ca-8927-af64702adaa1,2024-10-20T17:48:20,unauthorised,pending,40.44,GBP
364ec48c-5e15-4442-b4d1-61ad8e024fc2,62a6a0f8-0783-4637-aecf-9bef19457bb2,e0dea893-61df-43ad-8ca2-9605c26a8284,2024-03-06T10:21:17,duplicate,lost,73.48,GBP
52b6a518-5a81-48d6-b385-71a42ce7a8f7,b983f648-344d-44d0-bc20-dd09abb4e63e,45d8ce76-708e-4ad1-8168-74f4088ea8fc,2024-01-17T13:20:47,amount_incorrect,won,113.09,GBP
a387985c-3c9d-4f3a-a59d-03b7e3cef02d,e56f33b5-7952-4b9e-b5b1-ba4445d72ea7,859cd468-bc15-46b1-bb04-899e9682986f,2023-02-27T16:36:47,amount_incorrect,pending,72.85,GBP
4d57cb8e-d816-46b2-84f3-a48639641485,3e193585-5d60-4830-8253-41dadba824c0,c67fff77-11a2-435c-ba67-6141bc0e089d,2023-05-12T08:48:58,item_not_received,pending,108.76,EUR
46d32621-dc18-49b3-b13c-f0030d7be999,79c9a3d1-3290-4fad-a84f-39f4c7ff7a04,7e4fdd2c-c6bb-440a-b6e0-c4201b456492,2024-04-08T19:53:49,unauthorised,pending,41.23,EUR
4ff8ec7c-fd17-4ac1-b6b1-081d47ca5156,9302d321-0a5e-4a9d-a889-a397e17098dc,79e968fb-0bb5-4f1a-af14-67bf3a6d8105,2024-10-02T04:02:09,amount_incorrect,won,67.02,EUR
8cddd33d-67cd-420f-94f2-d1e2906a1a9e,efe399b6-9c7c-483b-b0fd-be0ebb2c8a7f,2e39321a-c52e-43fe-831b-a5e184038cd7,2023-02-25T05:35:29,duplicate,won,4.42,USD
62aeec5e-9bad-4516-ac13-b10614586b74,5caa62d4-28fc-4ee8-a2b8-914e15a5c534,636d9028-749e-45fe-b5a4-f9b5c719f97d,2023-12-09T00:00:38,duplicate,lost,268.28,GBP
d4d49d46-7b69-45e7-8d85-75c4a75c5c13,6d6fa6da-9efd-4cdb-b470-f6c71db51e24,eadd6f96-1ae8-4583-8301-c419fda17c56,2024-01-30T04:50:06,unauthorised,won,24.57,GBP
bf12af66-5704-4669-a566-158402624567,148a9d59-173f-4aab-8c83-c07ea30b3c1a,5d2f7cd2-1de2-4a0f-aa8a-9a1a09df1d00,2023-06-02T06:22:50,amount_incorrect,lost,63.79,CAD
fbe41bef-7d98-4715-ab73-c00d4a6b1c84,f9f6e2d7-34ce-42e0-98bb-3eb6f528d168,8d037105-9057-4c42-9695-7cb03e2762aa,2023-08-13T19:24:19,amount_incorrect,won,82.97,AED
db6e8dc3-bfec-454d-a24d-8bfa8df512d1,87fb6ac6-bd3f-48a0-b13a-912c80cb17b7,bd8d4936-a46e-4bc8-8ef0-8b855e4e7c7c,2023-11-13T12:46:21,duplicate,pending,44.05,GBP
fa7f5ae8-89d3-49a1-9542-771388262779,d252e22a-218b-44c5-b2c1-34c2ae07c578,69fbefa8-532b-4c95-be86-fbb82957acf3,2024-02-11T18:22:08,duplicate,lost,75.17,GBP
dfee07c5-d11a-46a4-9770-53d81adb9bd8,85c56fc1-31df-4ca9-908d-681202be8340,183cafba-03a9-4c5f-80b8-94a094e5f1bd,2024-12-04T11:15:44,unauthorised,won,38.06,USD
5269ebfd-fca6-4ac0-8301-9afe666f09b8,180133f4-af0d-4dc6-9e1e-02142fa0aa91,5252c720-d8dc-4494-b043-7cf718542971,2024-11-12T14:26:08,item_not_received,won,29.39,GBP
8f7752d4-3d7d-42ee-81e5-0ad3b29d77ff,c7ceee2a-ca56-46a5-809a-444b20e9d9b0,539468c4-df20-49d1-b7ef-a3ba3a04d87d,2024-06-03T16:54:10,amount_incorrect,won,199.84,GBP
a188d4fa-105b-48c4-a6a8-9409c7743550,0fdbfce9-3cb7-427f-9775-576dfeacd106,9133c2ed-b952-47a4-8fec-b096c3ec6638,2024-12-13T10:13:17,amount_incorrect,pending,11.01,GBP
103b059e-3f57-4844-8fc0-9a7e3b030c82,d61c6e61-0c9b-4251-878f-53357fb098dd,d8116cbd-2fc8-4b55-9d8c-db0ea3ee16dd,2024-08-28T05:17:40,unauthorised,won,49.11,USD
4e736543-fbbf-4b30-8e53-c24c9d1b36ef,9d8995dd-8448-4223-ab53-c835735d8fcf,1171126a-e565-4beb-913b-d3c9a10b4ddb,2024-03-16T06:32:59,item_not_received,won,15.17,USD
dc37042c-77f5-4ff0-9577-e4ccc240d435,02d128bd-7b59-4ca8-8d84-1a4de4fedb25,3586047d-3ced-4331-9864-91e2e77bab12,2023-06-10T02:13:40,amount_incorrect,won,96.92,EUR
4032736b-2e43-47e9-9633-18240f8c8f90,315ef5c5-e037-4f66-a155-593fdd97f1aa,2ce88bd3-711f-4463-88de-b3509c955bac,2023-09-17T22:50:40,unauthorised,won,177.71,GBP
2385b0a8-28e8-4544-8fc8-726c55bb7fce,1c91557b-16c7-40a0-89f5-d13f9ef84c92,640b28a0-3523-4422-9282-07f7d469bc98,2023-07-28T06:05:00,amount_incorrect,won,70.73,USD
f2350d43-c9ad-49ed-809e-78bc293b9831,1aac8ff3-b547-4a97-ada8-469f58f6fd46,f4e21292-4baf-499a-a3ec-2cfe0d951fcb,2023-07-06T10:37:19,duplicate,won,32.1,USD
58519bba-54b0-4e0c-8d04-c4977fce5967,e2cee250-647b-4d54-8069-fe1cd6802f2d,327dfff2-c9c5-4bf1-ac63-5e79ad41ca67,2024-10-13T14:31:14,duplicate,won,682.17,EUR
db04a165-90a8-424a-b878-7141f0968ec7,3e162bd8-59cd-464b-a855-7dabc4f2567f,ea678e19-e754-4b38-a674-e9d66f0d389f,2024-06-15T08:31:12,item_not_received,won,104.75,GBP
3b99812e-4d02-4fdb-8885-645820f94c29,a3f9db47-d438-4d2c-a399-b7652dc0391d,6581e78d-7af2-4516-9199-f221fd992cb2,2023-02-08T16:56:24,amount_incorrect,pending,46.14,GBP
f7308edb-3d11-4ee5-9f34-cbb08d177685,46059d2a-90be-44d0-8daf-8784d4f15dac,a79b37bc-1793-49ae-a4ea-8d0f9b403cad,2023-10-31T21:02:02,unauthorised,won,147.09,GBP
472ad623-9684-4e19-888f-a006473f5614,58b32352-6a04-49ee-9fda-236b7bcfe960,1334fb67-0826-4f49-8571-fb658734295f,2023-07-11T21:44:56,unauthorised,won,62.26,EUR
6b6939c7-5ba9-45b6-94ef-d445004fe449,adc0ac38-78c2-4c0d-802f-6b78fdd4101a,09888c32-e76a-4d71-88b6-1e8401be65e8,2024-11-04T07:42:39,amount_incorrect,lost,117.47,AED
fb628b48-e688-434b-a0af-7cf984c8b73a,d9982a96-769e-4387-808a-17cde31471b4,f44ee8dd-2a05-449b-b7c1-27c065b40a31,2024-11-06T14:54:41,item_not_received,won,4.67,EUR
b2f32a86-1d3c-4a72-bdcf-3b1da6cc9231,728f258c-7ca3-477a-ae15-1983d8fb2609,c419b6cc-cc90-4b83-a69a-272136410909,2023-12-07T18:31:30,unauthorised,won,41.23,GBP
d8ff03a0-86aa-4630-a76d-56779fa792ec,c3adaa58-9607-4200-a6e6-be4750bc2a94,6581e78d-7af2-4516-9199-f221fd992cb2,2023-04-28T09:06:08,item_not_received,won,3.11,GBP
b6622296-a834-46d8-a34b-8efa2b1c4d2e,a4b5f61d-1786-42a2-a5e2-82295a861d87,9a411e38-9220-4cf9-94db-dfb7618bdccc,2024-11-21T08:49:14,duplicate,lost,34.96,GBP
e85a91f5-e23a-42c6-b9f4-980ef11eb835,4054f8ac-aa86-4a60-9727-534a0d1c1af8,7f0c95b6-c999-4c33-87bc-822d9ac2f958,2024-05-21T03:54:12,duplicate,lost,18.57,GBP
16d715b7-0eea-4130-bb36-2cf4710f1357,82049df5-6138-4af2-8d9b-eb02196c7b7c,52b3f401-035c-43f8-ad00-ad008adc60a9,2024-03-16T12:27:17,duplicate,pending,96.89,SGD
ec82b390-4a18-4c8c-bcff-ccd76add4c39,a3a30f6a-ff4d-40ed-9289-d2b498b9da95,5736bb33-7505-4ac9-9ee7-f5150c685c28,2024-07-13T06:39:57,unauthorised,won,152.73,GBP
edde00ee-4e8b-44e4-bd5d-164bfba9068e,8e015d69-9844-488c-af49-1394ff7c72c9,dec2f129-1fc7-4c32-b328-fc8e7eb2eab4,2023-07-01T16:50:16,duplicate,won,4.02,EUR
ca0d4024-2db5-4381-8518-a5f6d206cd83,b44a6720-4315-4d5d-ae60-d24ff35fb700,94f83054-b188-4367-b6bd-513971568634,2024-07-15T07:55:41,unauthorised,won,103.58,EUR
c40de37a-3823-41e8-b74d-1cb230e2d983,40d1e8b9-63c2-476a-92e1-b0fb06281c96,c4a635bf-0f9d-4b39-b748-11ff63c3c751,2024-01-15T06:30:52,duplicate,won,22.48,USD
f8801a45-7993-46a8-beae-b08fa60837ac,4db7ab54-26eb-4ac7-bebc-fa50c2d7b844,01aa36b2-2ab2-4851-9291-e88e7d4722d0,2023-02-08T03:56:16,item_not_received,lost,38.32,GBP
a3e05faf-d52c-4a3f-9dd1-2d7715befbdc,b64fa405-bbff-4931-90de-7622ac984cc5,1fa1fea5-7f3e-43ae-9357-0f155ba14456,2023-08-03T11:23:32,amount_incorrect,won,189.02,SGD
fe958e54-3db2-4daf-9f72-cb82fb23658f,cac31725-d656-4d49-867f-8bf0731cb6a3,3845761c-4a7d-42a7-ac27-ac25a2f516a6,2024-05-26T04:21:00,unauthorised,won,71.46,CAD
8c2b5160-32b0-4484-bbac-2c0884641ba9,3cb38785-1306-4e9c-a205-64e0ececa8f2,262fe1c1-e550-4b02-a4ef-be762030ee42,2024-06-13T06:21:51,unauthorised,won,24.12,USD
dc25c39c-269a-4930-88ae-0a14072fbcd6,d1211b6e-ab4e-4af7-846c-2c9e0381c3de,c37125d8-dc16-4eb0-b346-b3cdd941c266,2023-07-27T09:41:11,amount_incorrect,pending,86.73,USD
994d7498-8836-4ff9-90e6-a7d9ee33515c,0cad4ae9-f1aa-4a1c-b1c5-cc941e045446,d31f0e1f-6086-47f7-ab97-1a899ffbde34,2023-09-09T04:01:16,item_not_received,won,47.17,AED
ff5ff0ed-9929-4309-a9c4-fc7001193edf,b87ae979-7cd5-4bff-86ae-91118cd67a64,ea57165a-f24b-460c-838f-0ca7a4f4d0e5,2024-03-05T13:34:21,unauthorised,won,103.44,GBP
908887f9-4e1c-4934-b59c-9981a65b094e,6edf793a-ed4f-420c-bff0-fa753ac54a6f,e1227894-8c00-4938-9f57-0252b4768f55,2023-06-23T00:19:26,unauthorised,won,20.31,EUR
6424e0be-be96-4adc-b6e4-501761373454,14e2ea3d-2741-427e-91de-ab81a75bf542,cff9bd26-59ff-4f90-be37-7b89e4094e79,2023-01-25T17:31:37,amount_incorrect,lost,7.36,SGD
bf1b93ae-09d6-4b0b-a618-de2871da87fc,987a2232-743c-43f7-9e34-3d45ea9c7e82,232e9401-237b-4c7f-bf07-2b2d273d63ce,2023-03-28T12:28:43,item_not_received,pending,85.68,EUR
0b054b23-0e7c-4123-9818-f8e71e745095,81bd8f55-cb58-4666-b1c0-8485db50c9f9,ef025937-6625-4638-a797-46c1576423fa,2024-03-05T21:30:19,amount_incorrect,won,181.16,USD
09bd50f4-4436-47c5-bae0-673c903cb4b2,ec8f3a75-b189-4637-b6f3-cd3226b8630b,7b243866-a941-4f02-bc8f-143b8e89adc5,2023-02-23T14:59:05,duplicate,won,23.44,GBP
ce5a0ba6-3a58-49a3-9a4a-50d5de4bbb56,cfa143c8-b5d5-4271-bf9c-be4360943178,93bd80f3-6253-4192-adde-5ff571d320e1,2023-08-24T03:44:37,amount_incorrect,lost,66.48,USD
e95a3033-cd34-4fd7-9189-37142d4cd294,ae6ce971-046a-4c14-8e95-2da5eeb1c151,40a03651-e3ed-4f33-82aa-95e62fe9f646,2023-10-19T16:08:16,item_not_received,pending,15.56,EUR
c88e0179-171a-4ff8-a409-d57465e0aeac,f6b98715-403b-48d2-9e33-52c3201d3a6e,ff5e5158-a000-4b15-a7a3-e8e3d0404d4b,2023-04-17T22:13:33,unauthorised,lost,17.86,EUR
a336d2ec-b2df-42fb-abb4-7f78cee34a53,110c75b4-c79f-4ef0-8f8a-69f8035f0512,adc3a77d-9bfb-4449-a767-b2b8a75b9576,2024-07-10T05:17:50,duplicate,won,161.25,GBP
fbbc849f-dd88-4f70-b094-304bc1729614,b8ee3181-a5e1-47ad-bc37-0b9de95789ff,fc45723e-a623-4bf1-80dd-35a11b03f42a,2024-04-02T13:13:37,amount_incorrect,won,69.72,GBP
131f8784-28b4-4d3b-9862-99ee9c349869,d72dff70-7652-4190-8f28-298b78ba139e,7a74cb0b-c774-4b28-8bcb-54a518d8dfa9,2024-08-26T07:19:48,amount_incorrect,won,31.23,GBP
312b0d88-503f-48da-b1d2-32555c3902db,33b6d77a-2ef2-485c-aeb8-bf374fdbb96f,d35e227c-3242-4509-b6a9-97ef2650e145,2023-07-14T12:48:08,amount_incorrect,won,3.9,GBP
5a20d422-b468-4c25-86ab-26bf99b76ed6,d19eae27-033f-4749-b200-ca636d8b5eed,52a2774e-8089-4ff0-85cb-067e919d30c8,2023-12-27T04:07:51,duplicate,won,73.62,USD
f0a388f0-b603-414c-8e2e-3388461dca4d,536d55ae-6679-470d-8010-5ad0ea70523d,c810d73e-3817-4390-96dc-64cc2c4ff0f6,2024-03-24T14:27:07,duplicate,won,163.25,USD
c3e4e6c2-a984-4d2e-b976-d6d2caa29e53,8986fabf-2767-40a4-9059-24246b777186,b20e8cf6-b1ef-4c2d-9d0f-15cf73023b89,2023-05-01T22:28:54,item_not_received,won,142.75,GBP
3239e753-f16b-4f91-8b57-cdf14622bd39,de377673-dafe-47de-acef-b6986908c1d0,bc0afb08-3ac5-4e39-87fb-336270ea0730,2025-01-18T02:40:08,amount_incorrect,won,38.64,USD
50c63e5f-e36c-4511-9feb-3777543289f5,dc736e44-ab3d-47cf-bf40-0b683c427d37,ba2760dd-8d19-4bd2-927e-b66606cc8564,2023-03-10T04:02:35,amount_incorrect,lost,65.05,EUR
f9de7657-67dd-48f8-a8ee-d5235bc03b2a,ff334677-4db5-49fb-8f1c-b0c4454130d1,3cd3b1eb-8ad3-4079-98c7-7a6b928936e0,2023-12-12T09:34:27,item_not_received,won,4.57,USD
f690db1f-ac5d-4614-8f31-43a2a546083d,2b11b8d8-304d-4fdf-a2cb-26b34e424248,ae6a0624-23a7-442c-aeb0-57e801a92ec4,2024-04-29T13:30:47,duplicate,won,18.89,GBP
b3a01710-8115-49ea-b523-00f08c6c9fcb,523ea198-c356-4c56-9a81-478783cfa1eb,36ff778d-4892-4e34-bf8d-b46d4d89af7a,2023-10-27T15:08:12,duplicate,lost,61.48,USD
e928afa6-545f-4e00-8737-69e8f0cb6fdc,22057a3d-2ca7-4832-be7f-c2985e2c7fb9,9970cf61-06c1-4d06-a0b4-73d664d38ff8,2024-11-24T02:11:39,duplicate,won,50.22,SGD
cd603f99-ce8d-41b8-8c27-8ecd82104932,137c0507-7080-48e8-827d-215e1707f361,5ed42437-1097-4a4a-8f05-cf76919222ca,2023-12-08T15:40:45,unauthorised,won,21.26,GBP
953aba8f-b8e3-44ac-9322-f181b16da512,40128774-7f7e-4dfb-b82f-810d0da477a3,d8cf77ee-8d55-4f78-bba6-0ba95679d472,2024-08-24T13:35:20,unauthorised,won,95.79,EUR
ff87f10f-e795-4ca9-9b46-329cd19a6ead,f013c478-df25-4d1c-a217-6d1e31d2cbd1,b966a150-89ab-4c4c-9d90-8a037de76666,2024-02-04T12:18:13,unauthorised,lost,106.57,AED
6036a5c2-b05e-4a77-9eaf-14ba6a8877fd,22b522c3-a9f1-4e5f-9ca0-3cedf69577df,9928c5ba-5881-4e84-bc8a-c3e100cae961,2023-08-09T02:02:40,amount_incorrect,won,63.39,USD
f5c3756c-4623-4b92-8eab-816092df4fa9,f84a502d-17df-4e86-b36a-35c9c62293a1,cf83d8c1-4306-4669-98fc-c230ed570a3d,2024-02-21T13:19:17,item_not_received,won,208.99,GBP
262344d1-b956-4867-8789-1b5753f2dbf1,f5e7cbec-2aae-40fa-a042-7858c069625f,7f961360-f2f6-4896-9bc9-0cc9d2d791f8,2023-11-21T21:35:05,amount_incorrect,won,220.7,USD
8981ca5e-96fd-4f1a-a54c-f478cf9b9c6c,319a1a8c-6ba5-45c2-89a6-173d3760d4c0,3a3364a7-c60e-4053-97d5-da39736efc26,2024-01-30T11:59:13,item_not_received,pending,141.16,GBP
78a3e20c-91bd-4781-8162-6e7af79554d8,ded586b7-b91c-4564-a0d8-b362c9f663b7,e3712cbe-18e8-455f-a2be-81064baecfd5,2023-11-20T01:10:32,unauthorised,won,96.57,GBP
ebeab2a2-ea53-4d9c-bbf3-94621544bb3c,32c6bfbe-cc2e-442d-b609-2bb4adab75be,3c07d3d8-d78e-47cd-8546-499218ac1435,2024-02-11T14:53:03,amount_incorrect,won,117.77,GBP
6ef809d1-8a0d-46b0-9a9e-d7a23afd4ec8,4da98a10-437d-44e4-bad6-bf0f99137b06,af26e214-b94e-4644-b90f-88824831a720,2023-11-07T08:04:12,unauthorised,won,69.99,AED
9cd73890-b140-419d-be19-4c86a8b8ed02,58dcdc29-ad7c-4f91-9d6c-2a44906cff55,4e2f2767-b49a-4c9e-b88d-c35e2b1149e8,2024-04-16T21:06:51,item_not_received,won,83.6,GBP
3dd721d9-3e47-463b-850a-edc77b52b53e,c4a1350b-ba7d-4b97-be71-0c64c79d62c5,9d0d4538-59e6-4e32-8e11-10867ef68790,2023-08-27T21:36:28,unauthorised,lost,148.23,USD
f40b04d7-19cc-43ad-82cb-8002d110b2f4,a8368d53-9a8d-4b30-91f2-b8211ecb3f92,e7506c5c-7d00-4590-92ee-933d587e18a8,2023-10-12T16:14:39,amount_incorrect,won,39.75,USD
b5f6ebd3-d88a-4e64-9a45-0799cc498959,f8f84af1-1b8c-43f1-b2a8-4f31598c2b74,052e708d-2baa-4835-bf58-9c5aed472495,2023-09-11T20:19:50,duplicate,won,197.49,EUR
b9633fe7-b8b1-4210-95c8-83d93241f469,fddae6d3-cfb5-40cc-b7bc-a40630317e55,eb6a961e-4415-4dd7-a1e3-9297b8356cef,2024-06-20T10:16:53,unauthorised,won,66.59,AED
47af6b3e-8bb6-4c4e-b3f4-6dc258b2fdff,8b942724-128e-490b-866b-e8ee41d13203,bddbc244-a445-40c6-91a9-4c702b2e0030,2023-10-08T13:44:40,amount_incorrect,won,12.91,EUR
ad8fe116-27c9-4506-8c09-a68c8f954f19,de1f4b17-41df-4b2e-8108-e07296131ffa,5267c93b-3862-4682-89d1-18774fd5a87a,2024-07-09T05:49:49,amount_incorrect,lost,26.97,USD
64658817-3a9f-44ad-b734-f75ab8369fe2,44503d02-0f19-4360-927a-99628ef7acae,73c46c23-3212-48e7-b450-3a29b24fc137,2023-07-09T04:14:35,unauthorised,won,104.69,GBP
7f4393f2-a0e8-40fe-8593-04cc97841826,8229b9ca-7a8e-4166-96ce-a58c6683dba4,68e6c276-d7d5-4da9-9dd1-65160c1e7fd6,2023-05-16T17:11:03,duplicate,pending,58.45,GBP
278b48aa-b322-41a8-812f-5d478220e892,7964841d-a778-4298-a508-6c623c8b6353,3cac6c34-e71b-466b-b867-8ef6e9de10c4,2023-02-16T12:01:08,unauthorised,won,5.31,USD
06675174-6405-4890-8475-6f47cb5f5257,ca135b0b-7259-4f3f-b378-5aeadab299e5,5dbd5b49-dd90-4d0d-bb60-64419db943b8,2024-06-08T02:29:18,duplicate,lost,139.17,EUR
e471ba1e-d4fc-4887-97a6-adf0b9c883ab,15b6631b-b3ea-436c-8f19-2a899245e7ef,44ba7ae6-0858-4db5-a956-355c8dd4377e,2024-06-02T00:04:56,item_not_received,won,23.23,GBP
33c429fe-0e5f-4fe9-903d-515b293f25d5,7bdcaad0-b760-4b54-a5a5-5a896b395428,f89f79dc-294b-4a02-9c4d-506c8b267ae2,2023-08-18T00:26:50,amount_incorrect,won,95.9,AED
ef73485c-4691-42ca-a755-4a753d9cf7e8,fdc58d84-6cc3-4342-b87d-ac2dc3c8cecc,8d2a43d1-e05c-499a-afea-363f6a28c0f2,2023-12-08T10:57:21,amount_incorrect,pending,12.19,USD
6dff6606-10d9-437c-8c0c-1a7ffc520345,f77ef84c-50cb-4e19-8edb-a11e735a353c,e9ca5bbf-38f0-447c-887b-5c1c45496f3d,2024-01-23T13:20:09,unauthorised,won,10.63,GBP
32f2c60c-531d-4994-a134-ff62bd067175,69513ff1-b07b-4595-b969-73d246d60a58,a0a1cdad-ae5c-4d47-9175-7897773671aa,2023-12-17T07:27:48,item_not_received,won,2.55,GBP
5715796f-1843-4e67-8dd4-e7c0a3e73840,ef594c2a-8611-48b0-adf8-bdead448058b,68763d4b-dfb1-4a4d-a85d-94a5b336f7bf,2024-04-24T11:11:29,unauthorised,won,31.4,GBP
d0f051cd-630a-4afc-b656-05119888cb8d,b05b98dd-722b-4537-ae62-63e4be86a7e2,66e2c81f-abdc-4fca-8881-e212ca4453ee,2023-05-19T02:24:58,item_not_received,won,55.29,GBP
755ceb0f-d234-4047-9c3c-e6863cbb3775,ae02cdd1-1cdb-4bfe-8d18-1f779e0cffec,be24b8cc-1432-4fcd-add7-1b203b0f40bb,2024-09-09T07:51:47,unauthorised,won,173.99,GBP
e832ed42-2564-448f-a07d-1c768f05ac3d,1451a8e0-3562-49ba-b218-c1ae8b1fcbef,2d805769-2d45-44a4-aa60-d0ce6238d982,2024-08-22T14:47:55,duplicate,lost,188.49,GBP
838de7d1-c8ef-4257-9def-44f556706e40,721726fd-2933-4d65-9aab-b81e3011b2be,bab2d2c8-af31-45c9-a429-9b9b58b2ac7f,2024-06-21T10:30:19,duplicate,won,176.19,GBP
273a9d2c-8b3a-4066-9000-3a3849776d9b,24c706f6-a72c-4856-8d4a-258f272aaee5,f3877190-27cf-40e1-9259-7a54f8a7b1fb,2024-01-31T05:58:18,item_not_received,won,59.86,SGD
18f9470b-e274-4de3-939c-d6b7e50e02f2,a0efe8cf-6f81-4948-accb-0adb46b38699,11ca65f8-e7fa-4334-8f8b-30e6c1f92e2f,2024-07-11T21:48:06,amount_incorrect,won,66.64,USD
2effdc28-6ae8-4fc2-a88a-f8e8805f95e7,5577a9ea-37bf-464d-b799-8b352699420f,11ca65f8-e7fa-4334-8f8b-30e6c1f92e2f,2023-08-15T07:54:58,duplicate,won,120.33,USD
fa66e664-eba2-4222-a2b3-8b5926580739,c26523d1-4bca-4605-a397-85675ec4694a,1171126a-e565-4beb-913b-d3c9a10b4ddb,2024-07-06T16:47:00,item_not_received,won,7.51,USD
2ff24a53-40e4-46cc-b95e-52e183539c2e,7a42c89f-7a04-4112-925f-5f23131f59e5,f8223941-b5da-4dd5-bc6a-fd76094c44c4,2024-10-18T09:11:38,unauthorised,pending,61.41,SGD
9c68e50c-06a0-4d97-934f-fc03e3de212a,39892b05-5683-4360-90f8-89d9120805b7,b4f621dc-c058-4ea4-bb2b-a7461f6deb67,2024-02-27T13:52:59,unauthorised,won,53.06,GBP
17205fa0-86fa-4866-aad4-ef6cefc1c3e4,1d0a36ae-3628-49a7-b8c7-02b37d2c41c6,71f3754d-de35-4407-89ec-dd65185e1aff,2023-10-03T03:01:01,duplicate,lost,103.03,GBP
d369594a-52d2-45b0-bf79-e54062981c4e,85d7b290-da61-4584-b05b-93d1e5401a64,51969f67-2636-456a-81fd-1aa945c7949d,2024-03-27T01:11:13,item_not_received,pending,163.38,GBP
1ead4f1d-e020-4e21-adc8-736cecbccffa,9be7b1ee-64fd-433c-8f5c-a09301a1c988,c2e26685-5601-480f-86ea-b56eef9235db,2024-05-29T10:20:30,duplicate,lost,57.27,EUR
90ab5b36-674e-4fcc-a0e9-b315141cfb2b,30c4b183-5c14-46b1-8edb-733c5f94f7d7,2a9efe47-8801-4549-9077-48342a618818,2024-11-05T14:10:48,unauthorised,won,63.17,USD
99066f42-94aa-492a-887e-a0ddc15ae3a2,875b1ab7-310a-47ba-be5f-3a9bcccbb6e6,19257fb3-c818-4f3b-8a85-01c652fdc10b,2024-02-25T07:57:16,duplicate,won,21.16,USD
caa636a4-29a0-476c-aa25-cd1a77c70739,8053e7d2-287d-4a18-a53f-21d127b19029,62a1459b-8b71-4c6c-acfa-78f8fb6bd979,2025-01-15T08:51:17,amount_incorrect,lost,23.83,EUR
c79509f6-633d-4928-be20-8ebfeeb73b38,2882c153-546f-4318-8fd7-df5c152f07e0,5363efd4-6e72-471e-93e3-5594907e8afe,2023-08-31T04:48:11,unauthorised,pending,68.89,GBP
8a45395d-dd1e-4d93-93b6-0b6d2ea512e9,1884a2da-def0-45a3-b716-7b1544a91e23,6cc07324-f61e-4add-a49e-f3da65380bbe,2023-12-01T11:03:54,item_not_received,won,220.69,AED
ea4c0cab-67bc-41eb-8818-3f5bbd8c96ab,494a263b-87e5-4636-855f-7a7f1d0b9fc8,6444b142-87a5-4c91-bf48-007f9c0721ce,2023-11-30T14:53:53,amount_incorrect,won,95.32,USD
0927b332-5b58-4071-b12f-b63d35ebfc69,09d3e165-5f88-4d62-ba18-0df51697dcd4,0b853716-9e59-474f-bf17-cb354e8ce436,2024-01-30T23:48:56,unauthorised,won,24.0,GBP
360fdbac-6c7d-4f9a-a205-e0957a56b956,2b0b5bd1-08e3-400d-ac5e-1272fb2a7837,b7695d74-f53d-49cc-94ba-57d517e18852,2023-06-25T02:54:37,duplicate,won,96.28,GBP
68750df4-f19a-488a-9f91-24de3696cd1e,708cface-09d4-4021-9f19-0fa2e833d0f8,dc9c088b-f970-498d-91ed-2b213c5d279f,2023-03-11T00:31:43,item_not_received,won,184.93,GBP
d2c72d08-5b62-43d7-9b23-d610172a67df,c0871f24-272f-4cbe-a828-91fcf2c08a97,b51dab1a-6af2-471e-ad1a-c1ff813c9ea4,2023-12-30T18:29:13,duplicate,pending,184.55,GBP
6d079de5-86b5-4248-b41d-f71beb66538d,0dd0100c-2919-41ca-8caf-9eef489176f3,69a24335-dc95-48a0-9475-8f1a019a4a44,2024-03-06T11:39:02,unauthorised,pending,249.04,GBP
cebcca09-a9fb-4b54-81b2-bf9fc45df71b,847a5525-6dc4-44b0-b3ca-151559d716bf,69a24335-dc95-48a0-9475-8f1a019a4a44,2024-04-26T12:49:49,item_not_received,lost,4.03,GBP
f100441f-b365-4aad-b8b2-2a2245243528,e050d55e-7bf5-4ccc-9acd-41547d5a9fd4,205552cb-dab6-4e4e-bb0d-97c34a4caa2c,2024-04-05T07:34:45,amount_incorrect,pending,23.6,USD
21ec9280-1f12-4279-af77-0c707fb129eb,f9593dda-b42f-4f7b-b741-03b09fee4e10,bb6a0afd-1874-4ba2-bb90-82b68dcc1266,2024-06-28T10:59:22,unauthorised,lost,59.48,EUR
e6a71bca-dca3-4203-ad36-b13ef2fbedc5,63e74ddd-3c97-482c-b077-fc2c45fa15ba,e48c2b14-222a-4521-9f2b-be0866bf4cb5,2023-08-05T04:57:57,item_not_received,lost,20.18,GBP
0a06ad21-a6df-4ce0-805a-69ed6f2cd66a,4305b270-07db-456c-8665-27ed9593aece,7d577366-a27d-43da-be6e-c67811f340e4,2023-01-31T12:39:15,item_not_received,won,79.39,GBP
48ca5dcd-93bf-44ae-b1c5-90419b6d7a24,015dc6c1-1054-4b53-b708-9d53b20c7134,da7335ae-d3c2-41d5-81bd-84e9b7f93f97,2023-08-05T16:29:40,unauthorised,won,25.27,EUR
b5081a57-cea1-4f55-b734-2481d9da8012,7c3000ba-bf0a-4394-bcfd-a8baa14de0d5,11298642-2498-427a-8d8b-95c93713b5f9,2023-08-24T01:55:07,unauthorised,won,58.94,GBP
dc3525b1-654f-4bf0-8958-6f15674cf9de,22337e7c-7120-44e4-af33-122b2780d8da,f39e01d6-6281-497b-a366-5bf7d610b953,2024-12-21T10:53:35,duplicate,won,30.99,CAD
338a4155-d20c-4ca0-b28b-4f537eb59168,30b8ab2c-63d4-4bb3-8c7b-64fe626f8326,7151598f-c4d8-466b-ad59-bbabe24f2693,2024-03-11T15:39:30,amount_incorrect,won,202.77,GBP
7bc11fc0-fdc5-47ca-b978-425e371764da,c410c13f-84e2-4dd9-9fee-e1beba073137,3a0f4297-dc67-445f-b48a-b121289d4b3c,2024-08-12T21:25:58,item_not_received,won,200.9,USD
d3468e95-5868-4a2c-9ce7-5953efb8e852,e6cc6645-4c16-40dd-b9d2-21d9bb98b23e,c5d053b5-92ca-47b7-a973-22cd6485e911,2024-05-19T16:48:07,item_not_received,won,83.69,GBP
10c115dc-4af6-4659-b401-f8f41eeba21b,91c6b4d0-8115-4614-859a-9259d109d12e,25b5989d-4766-4de9-a6f1-5109b9644c8a,2023-07-23T21:32:26,unauthorised,won,72.8,EUR
568ad564-d65f-4b5e-bcf1-306298bf2a65,cd52e573-6d54-4464-bbcc-bf39ede97a85,8cadd7ed-101c-433a-a4db-61fa2ded6cb8,2024-08-31T11:57:47,unauthorised,lost,15.58,GBP
91873bad-375c-4ecd-b0cd-8632f904a8ed,e23406b2-af88-4c8f-a744-4dda155e5eaa,34699613-d19f-475a-87d1-2404ef31351f,2025-01-20T06:05:09,amount_incorrect,pending,58.55,GBP
3da9f5c1-6fec-4dcf-bb87-3f40697fc871,de2487e1-e3c5-4697-aae5-cf93d691546f,e25b8fe8-9159-4754-9e43-e702821c25c2,2023-11-04T20:46:07,unauthorised,lost,60.76,GBP
9a73cfed-0d2d-48a2-85b1-b940cecf8ce1,9fb7ba24-8893-46eb-90bf-ccef01f55186,ae06a862-c0a3-4178-8600-89599bbf56ab,2023-04-23T18:13:05,duplicate,pending,83.77,USD
27bc28e7-041b-42d2-9e91-67dfb58b24a0,4a168c60-be89-4bbe-b3fe-b154ccc233f0,287994b8-8233-42c5-9faa-e2565ec96249,2024-08-25T15:08:26,duplicate,won,130.68,GBP
f5c11617-58a4-47fc-a04f-3bac7653a357,f420ea57-417c-4290-9af3-a8272a79741b,83ea8474-4bf0-4e41-b475-19ea182d673c,2023-05-15T14:16:47,item_not_received,won,261.81,GBP
ef8ed317-7db2-4324-a5b8-c03e3b888962,6d9edd56-9433-4541-b0da-0260bde823ca,e292a9d2-30c3-45d8-9957-087cab3c183b,2024-08-06T22:54:53,item_not_received,won,149.19,EUR
2c908c54-1441-4b45-8291-416149c105a7,629daa2f-d195-4c2b-80b2-2b7d1f86e972,46b06e38-9a13-49a6-9c70-21627c06ce70,2024-09-14T17:08:47,unauthorised,won,22.83,AED
8b7576ae-1f6c-458f-9f03-b545e023be31,96928a34-6d57-4b8c-9830-42ca725ac146,0eb2ebc2-fd66-48cf-b064-50979be56530,2024-10-09T05:19:11,item_not_received,won,110.09,EUR
d97d2d66-2aca-4314-857a-e8b5f7932b9d,d9262aa8-ce50-4477-a76e-4624a41ace18,c666cb63-0870-495a-b4e3-4622dd1c6115,2023-10-04T00:00:00,item_not_received,won,104.05,EUR
94133d8a-8e58-4a92-a5a8-e623a275d49b,97a214ab-b3be-43a0-a5ce-49a691e2baab,fe354b5b-02fa-4117-a84f-3d7eccc9a4a8,2024-01-14T06:55:33,item_not_received,won,83.36,GBP
137df1e5-994c-4489-ac42-38856f6cbe24,0b45a932-cfdb-438e-9d65-0ea87f5796e0,b618509e-a316-4292-885f-1e54b644862c,2023-12-19T16:42:24,duplicate,won,205.17,GBP
f4ced9b8-0860-4f02-bbd0-c43a846560c1,64807633-9a40-4fb4-b42b-3b644447b97a,40a03651-e3ed-4f33-82aa-95e62fe9f646,2023-10-09T11:58:33,item_not_received,lost,27.81,EUR
1f09d31c-94b6-4135-b221-e2308bb0a47b,07ec7c87-5b73-4c21-8188-84c2468287b9,a5b3b00c-40be-418b-83b6-391bdcdb3fab,2023-12-06T08:08:08,item_not_received,won,181.56,GBP
e399b833-866e-4b1e-a26b-6a6ab1bd1f83,331f26d2-fec9-440f-8cc9-5aa24671fa54,37941fda-61ee-4e70-b19d-fe653715d173,2023-06-05T09:20:51,unauthorised,won,121.99,EUR
bd9647d3-c44c-4dd4-85f3-02a51b9af167,7285fc51-6b6d-44c2-a2db-2b10bd2b5612,03f509ea-24a0-4228-947e-958d46cd2395,2024-10-30T05:40:49,amount_incorrect,lost,329.17,GBP
5928ac4e-1fe6-4592-aa55-f6c178bd6dd2,25aac354-62aa-4da6-bfc7-0b85d115ae82,b4707385-a090-4160-aa98-0a1394b08e7f,2023-03-25T14:17:59,item_not_received,won,56.45,AED
5e45c6c7-b0e4-4dea-8664-eb3fa935484b,8fb92030-c1c1-43df-ac42-0d8905f47c9b,15c6767b-f358-45c3-8879-0e0ae18b0111,2023-06-17T14:42:04,amount_incorrect,pending,21.22,EUR
b7d4cdbb-b72f-4769-b8b9-dd1412c19548,a77b882e-7ba0-430e-ab67-f5299b670452,7576ccf7-b10e-43c8-a011-fea1c65b6d0a,2024-06-25T13:32:43,item_not_received,won,296.64,GBP
7eded6c3-694e-47ef-9d07-f187650421fb,16ec5157-364e-4bd8-983a-e2d517a5c598,063c72a4-6f54-44ee-9652-aff2979f7c72,2024-11-27T22:58:38,amount_incorrect,won,118.08,GBP
3b1dcab1-e1c0-4234-8ed2-a34f53f8d0c7,8ebbc918-7c95-4b84-9c70-e87d9b037b93,22486138-aa3a-482d-82d4-e0e9b94fa52b,2024-07-17T18:27:38,duplicate,lost,18.18,GBP
c892418b-1a32-49da-a1b3-953a2603fdc4,97f5a653-f175-4059-bd05-b48bf3fcdb59,336fb87d-2e75-4b69-89c7-f50c7d463caf,2024-07-02T11:00:40,amount_incorrect,pending,31.51,EUR
7ef1d293-643d-4de8-875f-7ecb65e2fb75,4f87f81e-e24c-4040-ac38-2a8823d5b4ff,2cf82c82-c17c-433b-a628-e28d0b721659,2024-07-07T23:48:29,item_not_received,won,48.71,USD
612418e3-d227-4ad5-932c-b781ce62f156,71b9330f-c7b7-451a-b091-a6bcaa982124,bda0c5fb-93f9-4050-a7c4-a0a3e5fcf077,2024-11-29T20:37:05,duplicate,lost,34.15,USD
54093dd9-6fbc-444c-89b0-e9a276ed5e6c,92c6922b-893c-4597-81e3-22b696d57cc3,65cd43db-b961-4c0c-86e6-a052ccd1f803,2023-07-25T16:11:14,amount_incorrect,won,69.15,GBP
5ad7d50e-9b66-4623-a712-b327de0ce24c,52641291-d372-438e-9197-71fa2ed8011b,d1f76934-74a9-457b-8aee-e25745558f71,2023-12-28T08:08:06,item_not_received,won,5.65,EUR
bf4ac793-3ce6-4c2f-a060-d29e71b62243,9e1217c7-549d-4272-a643-1214975fa4c7,08008d5e-d8c3-4cbb-85d8-3ef8c1abd75c,2024-06-10T08:24:21,item_not_received,won,165.39,GBP
623e77dd-4b3a-474a-a250-5db7a610425a,de5bba4b-a568-4f96-b840-97edf209150b,244d681e-b190-4e5a-9fb8-1dd201c7f582,2023-03-14T07:27:55,duplicate,lost,35.64,GBP
b1be1c1a-cc49-4d7a-81a1-8c20de91a69e,75f6f578-421a-4af2-8b5d-9a8d86e86b76,ed99362f-660a-4c06-850d-d6dcd30e429d,2024-02-12T09:47:14,unauthorised,won,83.07,GBP
8cb8c29a-146e-443c-801d-9fe702efe559,35e629bb-c863-447b-ad43-fb589c84eb83,303e5afd-2c64-49e9-a346-9a7647e8fe13,2024-09-17T20:07:13,amount_incorrect,lost,58.82,GBP
f2590f44-5674-4fb0-ad82-82ec97fb3207,4675ada9-db52-4b6b-8b4b-956845fe4a62,a6624c23-8712-4ac4-a4d5-d0c4e24bc0cf,2023-10-25T22:33:30,amount_incorrect,won,240.97,CAD
272544fc-bb53-4afe-ba0b-c68423758087,36b8bd20-0591-4763-a04e-5e6c4a3ef6d1,da016e11-76b8-40ce-a436-8fd32ea490f7,2023-06-10T00:26:06,unauthorised,won,140.18,EUR
29c75ab4-318f-4a7f-82c5-f92fcab5b6e7,6026a9f5-107f-466c-93f7-40602c8d4c41,481d7685-c4f0-4511-ae6d-5ee769f2aa4a,2024-05-03T13:46:59,unauthorised,lost,98.39,USD
b96a9dbf-62b2-4bf0-92d9-972f058114de,bdeefe58-de93-4980-baa3-1c6b508602d8,a086a864-382c-440f-8760-ec2857141ae3,2025-01-02T12:34:46,duplicate,won,85.01,GBP
3a247fa1-7fc3-4c36-a698-1d5cfc02255e,723082a6-7702-4a3a-9807-0b5a5ae10b96,60b262f6-e0ba-4a3f-9315-edc6cba4e54d,2024-09-02T07:51:05,unauthorised,pending,150.09,SGD
5248c176-c072-4461-bf69-b9b2e4367c5e,dbf23aae-5e28-458f-af67-7dc8f2c4666e,e7be7f98-7a4d-42cb-b7a3-ad7258786c37,2024-02-20T00:38:15,duplicate,won,69.38,CAD
0025b3eb-8810-4e55-9c71-8b71b2aa2ccc,ce1990ab-a2c3-435d-899c-abef947e32ad,d1be4ece-d267-49f2-a435-8b457f2dff0d,2023-11-05T15:05:28,unauthorised,won,36.79,GBP
913f09f6-13c0-4291-ad4f-8e2ec552a219,ea453397-d4ae-47d0-8740-29fcc47d095e,ce3c81ab-b95f-4eed-a31e-4336b638bb19,2024-05-28T04:46:40,unauthorised,won,37.76,CAD
c60bcf1f-b93e-4737-a207-afcc340e08e2,61b47190-ce30-43b9-8edf-05983a77dc6e,13adaa90-536e-418a-a4a5-b35fbde5c793,2024-03-18T19:48:54,unauthorised,won,141.98,EUR
f16a04e4-0e6a-43a6-bc45-a63cd5e0332f,f0f89117-ea10-4082-82e2-3464179cb3e3,36253bdf-869d-451f-a82c-d353c36ff38f,2024-12-01T08:41:14,unauthorised,pending,12.2,GBP
dee8206e-892a-44bd-9373-02328b19e1a9,47c64505-de80-43e6-9dd0-f8b49d586474,8592ba78-e6e3-4de5-bcd0-f06d5a517308,2024-10-24T21:15:07,duplicate,won,17.06,GBP
09a94493-ef34-484c-a8eb-7d953241f3da,743e3bd8-17e8-4aeb-b789-e1ddc316d3f8,2f6b2af8-38e0-4b1e-9adc-1c3a103f6e90,2024-03-25T02:00:07,duplicate,lost,256.32,EUR
d776c04f-6722-45f1-88db-7b21d736266d,b27de60f-adf5-46ea-b9c5-c68bc7f1553e,7c813476-7fcb-4a97-b5c1-a3af126337a7,2023-08-17T03:20:22,duplicate,won,5.38,GBP
2006cc39-c47d-4297-961f-69ebde07074e,4a2d2377-2e80-44ca-8e3e-063d8a78f21e,272f081a-adc4-4243-8661-ed23469f1013,2023-04-13T11:37:48,item_not_received,won,34.27,USD
44cd967b-c970-4dbd-be2c-4c2dea470c17,0e8e9d5e-a00f-4502-a24f-48e76a1dcace,8592ba78-e6e3-4de5-bcd0-f06d5a517308,2023-07-26T06:42:06,unauthorised,lost,168.56,GBP
b9734a3c-bc63-4714-b620-7b68e5da9405,d6e7f95b-18e1-4b79-8388-0c9c7b05b1ec,5f2bffd9-771c-4af6-99cf-1fdc32d8e673,2024-07-15T00:00:56,duplicate,won,125.92,USD
8e009d44-2095-4af2-a65d-266ea36dd97c,df565c82-ecbc-43e9-a2fa-edc87a749a6b,9aa030d0-975c-44d2-a42c-251736d12182,2023-01-25T03:26:39,unauthorised,lost,194.47,USD
92022bdb-c376-40a6-8cf3-36543efebc40,79b48c35-d13a-4614-a723-03c97fefc588,93f61d23-9b44-4452-88e9-dc034dd28b16,2024-07-28T10:31:44,item_not_received,won,119.5,GBP
c463b9f3-2413-4b49-8a3e-77882ca7d6d9,464da420-49fb-44d2-b75d-332b2ee1759d,1e592275-ab1c-4c2e-8b6a-394f91b2d973,2023-02-18T02:17:16,unauthorised,won,91.89,USD
459cb853-0e5e-461c-a061-196f535c7a36,6cedff93-3b09-4ed1-bb76-0bd090d6c6b9,e9eddf74-8f90-4153-9152-bb68d3304d36,2023-12-17T11:36:15,unauthorised,lost,5.99,USD
10e83925-2632-4b74-b83e-9c89867e501d,144fcc57-68f9-43c1-96be-cd28566b7723,f331da6f-9061-4ad2-83c6-e82f677d2020,2023-02-05T05:00:08,duplicate,won,46.58,GBP
a66cf70b-6c8a-4da8-9ccf-0d3c80e23fe0,11c4872d-d2ce-417a-afac-d59a9f3ea346,3fa2e747-b917-4dec-95a7-24a4c05475a8,2024-12-14T18:46:56,item_not_received,won,534.82,GBP
41d4cb50-ea19-418d-b3f6-07d42cc48cb1,151fac42-cedd-441e-ba3d-832aa305729d,7b888d4a-2e02-43bd-8cb4-a91035b0cbb4,2024-03-26T11:36:46,unauthorised,pending,117.22,AED
aff22105-e9b9-4309-9888-c931548b1a50,f327ed70-3d00-4305-9baf-1add26e4e5a7,c365c3cb-5ac5-4dda-985d-fbb61bb85a92,2024-08-07T05:53:15,amount_incorrect,pending,131.95,EUR
c576de4f-8ba0-40ce-a03f-c1daadb3fbf8,2a6351ce-4000-41b0-9f59-770833f294a2,267bd937-6d4f-494d-817e-cb6f9e448c6d,2024-08-17T00:33:28,unauthorised,won,98.09,GBP
13eead4d-65db-4705-ae57-80ca1e00b388,40620da3-ecb8-475f-9471-0002310a2e9e,65a8e7ac-affd-45cb-8186-7a629dc0357a,2023-05-06T21:15:00,item_not_received,lost,31.27,USD
8f0d90d4-0d3f-4723-855e-5efa9faa2db6,6f3b842a-8520-4696-be11-3780c0760c1b,3d4a479a-561b-4018-be70-00ebcc70f9da,2023-08-27T05:34:33,unauthorised,won,33.95,USD
d23d04ae-2ea4-4288-affd-76249febbf5c,6f7ac612-b6cb-4ed9-94e1-2b0832ad55e9,305f4c6f-aeca-4f57-a91f-66774a62aa6e,2023-02-05T02:56:23,amount_incorrect,lost,317.53,GBP
a7f9253c-5229-4ee3-86dd-6ff72cf7c029,168a9bde-5bd5-4881-a8d8-d92c23f5a432,6c3b029f-4877-4927-9c2c-d3c9e5389204,2024-04-26T20:15:44,unauthorised,won,14.94,GBP
f37ac670-96e4-463c-9489-834cbf4fd1be,d27c8fbc-8418-4ccb-93e8-b99432cf1aeb,73d9ff26-6d4b-429c-900f-3a00ddd6c266,2023-11-08T06:02:26,unauthorised,won,78.39,GBP
8471d306-6dfe-4f5e-a73d-b5617cac539d,d46cb03e-f3d1-4ace-b25f-f4e09c676093,c366fc0e-9a27-47c5-bde1-7984fe7192d5,2024-12-14T13:37:21,duplicate,lost,42.96,USD
05ab39ae-3f37-421c-83d6-26cea5948b59,11f0e8a4-03b3-401d-990e-beb0fcaa6852,eda9df4a-00ee-4761-9977-42cdb7f6a6a4,2024-02-11T15:01:51,item_not_received,won,38.32,GBP
2e86aa6f-4265-49d5-8eb3-9599b565d224,cb220574-836a-4411-9b82-c849d86ff0fe,c366fc0e-9a27-47c5-bde1-7984fe7192d5,2023-08-19T18:23:30,unauthorised,lost,15.31,USD
c7201452-9ac9-411d-a04a-f37d2ec5703e,a5c893e3-8b11-4af3-aa3d-b8660ff5768f,128da94a-b429-41c7-9b2b-8ff088f6d29f,2023-09-28T10:04:05,unauthorised,won,110.61,SGD
89576d53-7d1e-487f-a9c5-322f62f27778,ec8f6d21-a319-474a-9596-3ec7dabc4163,dc479ec5-89a4-4611-b78e-5c6140675436,2023-09-19T19:02:50,unauthorised,won,88.05,EUR
f368d67b-53de-4d89-981a-97900d052db4,9dcd3a0e-efba-4ebb-95eb-990c8325289e,1d59dcb7-db34-4c0f-8ecc-519c1ca5fc14,2024-01-27T09:40:50,amount_incorrect,lost,85.1,EUR
294becd0-b86a-475f-a363-ee5c1fc210dd,7a092506-8ea6-4395-b650-76c4c81934f0,0d054aa0-8c9f-4808-acd7-22ddb7b85971,2023-12-21T19:38:33,unauthorised,lost,85.08,USD
971454b3-ec66-4079-abc0-15dd04bf7812,7868ea27-943a-4946-8be5-eaeab17983b6,e336645e-2b2f-402d-85c9-a3503bf2b87a,2024-06-03T06:10:45,item_not_received,pending,22.33,USD
20fcdec6-f4a4-4a7f-beda-61b88ddf72a5,a429fe68-2091-497e-b98b-3ad6a75c9da6,f331da6f-9061-4ad2-83c6-e82f677d2020,2024-11-11T08:05:56,item_not_received,won,32.43,GBP
63bf4e20-cdb5-410b-a04e-064a4acd872c,77c1a3e9-d3aa-4153-ada4-45cbb845721a,b0ab820c-77ef-4d40-a283-7305a935b936,2023-12-17T03:58:39,amount_incorrect,won,41.55,SGD
0dca7707-3e34-4425-ae8b-f6d2e6000971,e8f43ca3-cdb6-4d2b-868b-41c32c7988cc,0882837e-99d1-4347-89b8-e23a24b1c801,2023-12-09T23:11:40,item_not_received,won,1.52,AED
43320f4d-0ea2-481e-b093-766e971416cb,ea7e85ba-4219-4d5b-a227-67359e5e1b4d,84da75e8-4383-46d0-8ed3-beba2463f802,2024-04-06T16:10:25,duplicate,lost,46.51,EUR
da0c1b13-fe08-4b94-938f-ba2829318257,a5bad6e9-d64a-44b6-9a4b-4c6519b0cca8,c42813b4-cc00-4243-9692-028cc10f1d07,2024-09-27T02:55:51,amount_incorrect,lost,18.32,GBP
f5597d5f-4179-481f-b100-a79a7fa8edf3,83a88dd6-8ba0-47d8-a75d-5ba3def63ca6,e092beb1-9e8f-4586-ac85-015cf5272e4e,2023-03-09T12:57:29,duplicate,won,60.23,EUR
8558343e-a976-431a-89e7-8774d0183d87,c524aff6-d32f-43d2-ad99-1027e2d6f9c6,cd7a26b6-1660-4285-8124-92d5cc2ae349,2024-11-16T14:57:43,item_not_received,won,81.02,USD
7bbfffa8-b93d-4003-af19-6e0fa7cd749c,a6ab2122-ec60-4c34-be00-27392d5fcbf3,2b18fd5c-0ff5-438d-8c9e-cfc8c1277338,2024-01-06T22:16:14,item_not_received,lost,21.53,GBP
fcb58a45-81ff-4885-9850-045df0282ea4,31be6161-a288-425a-878c-73036fcba7cb,fb542e57-ce0c-4600-9329-0908fe8709ba,2024-11-07T20:17:00,item_not_received,won,133.54,USD
a44572ba-2f5d-4985-92fb-90a94b210956,5aadfc67-926f-435b-bf36-3b00ce499ad6,b790330c-9f6a-4540-a4f0-0b7ef47a2800,2023-05-23T17:43:45,item_not_received,won,17.51,USD
c6c28964-ee7f-4aa3-bb6f-90a09b4538fb,9d3a8bb9-ad6d-4d47-848b-1cdf85e8d48c,425d386f-1a3b-4408-b760-28c897037c09,2024-11-13T03:49:00,amount_incorrect,pending,16.13,SGD
907087b8-0a66-4593-9d77-2af8c06e5205,2b12c9ed-7bbc-4610-9f10-44b614ac5424,f4d52580-abad-4269-bb0d-ddee438b3eb2,2023-09-01T21:40:11,item_not_received,won,47.58,USD
d6391390-e446-46ab-8434-8100e6966500,06dbbd53-e05b-4e18-93d6-9851063a2fc5,f73c291b-550b-4483-843f-63e351bb7576,2024-09-29T09:51:50,amount_incorrect,lost,18.2,GBP
c6dff810-efdb-403a-8b41-d001d57fb28d,bc1f4025-e45a-42ed-a434-5ee9e84501dc,a75bfbb5-8eff-4713-823b-186e38d3ae57,2024-05-15T04:05:16,unauthorised,won,76.78,GBP
a1df5458-11a3-4a78-8196-05fd26a46612,d109684c-53da-4eae-8585-d350b70c02be,1c851ef9-2683-4d46-9f06-68eba0fddb37,2023-03-04T11:03:36,amount_incorrect,won,22.09,GBP
da67a0c7-6243-4e8a-94e1-c2770407c6b1,a44cd0b1-f9e9-4d64-9e12-3ddcc77a5b55,2f9481fc-0e05-4e5c-b6ad-2190b631aa31,2024-08-22T00:28:34,amount_incorrect,won,116.73,GBP
102be5c7-eae2-4499-9ad4-54a6fced7d5f,05f8be62-9581-421f-b2ef-22bf0e301262,224374a3-5e26-49e8-81c8-8569882cdd1c,2023-09-13T09:30:09,unauthorised,won,105.87,EUR
68beb115-e2d3-43e4-b945-6bd5d49e7050,db1b84d5-3b35-4664-bc55-6336374e0094,183cafba-03a9-4c5f-80b8-94a094e5f1bd,2023-10-04T01:32:01,item_not_received,won,115.55,USD
cb6c7e05-7b18-48d0-9485-aba13da5269c,48168c91-6c5a-4887-a4dd-06b0c4499006,b163cf6e-6928-4546-83e5-53faa0c995aa,2024-10-09T09:51:37,amount_incorrect,won,59.95,USD
2f5a2f2c-17f9-4dd4-86bd-b900a33dc56a,9a541847-27d7-4816-8725-6f85c4fbf47e,6dd7c343-fedc-41ae-a197-a6f57bed6cc6,2023-03-05T01:43:20,item_not_received,won,71.66,EUR
bf86ab32-4693-4580-87d2-60cbb3dbff00,5c9e1d1f-7182-4a59-b0ba-dbe2680cf934,7d40f129-974b-488f-a406-d8d56f42b80f,2024-01-31T18:33:43,duplicate,won,5.12,GBP
2a2d3777-80be-42a0-8992-82683bcfe465,79373291-43ba-4d3b-945e-97f2b1658051,d5e5084f-bb7d-4dff-b421-183102ca28b5,2023-10-08T07:29:57,duplicate,won,106.46,AED
679ef7fd-e29f-43e4-a8e1-15cb4476635e,97bb5c9c-366c-4f0b-a411-1bfc60c2ca82,13c40573-e0c2-41d8-890e-0e4812aae088,2024-03-07T10:14:50,amount_incorrect,won,13.96,CAD
57943371-0376-4af7-bb6a-264e10237e63,c1d88d91-c599-43bf-b857-a531e3d9fc99,bad0aa98-5b4b-4b77-87f3-79073b178854,2024-11-26T13:12:08,unauthorised,won,1.51,GBP
a89ecefa-5f3a-43b5-b6b4-d08c178dc86b,58b70bff-dd76-449b-9559-36fa270bb629,622e548a-ad09-4e09-b1c6-916b7f8fa52b,2024-04-23T12:28:15,unauthorised,pending,135.78,EUR
d7d9b2b7-23b8-41d7-a0ec-c8e24608a13f,c18efc3d-9578-4b4c-be53-f62045c5769d,0ef98ea0-01c1-4706-a6d6-746c4fa93795,2024-04-12T09:36:16,unauthorised,won,358.61,GBP
ca8f9ef2-e27c-4e04-a028-23f6245e7a1a,10f992ec-5dd8-4417-88bb-f0ecfe9fb838,28d9b16a-0904-4e0f-a8da-3b08c67fd99f,2024-12-14T09:44:48,duplicate,won,132.59,GBP
3c3f972d-2438-472a-bd83-0a74ff3bea96,878202ef-7689-4a93-85b4-1ae6537fc068,b1a0a294-3efc-4361-bdb5-0d0d5629612d,2024-05-10T06:57:07,item_not_received,won,113.4,USD
021bb013-7bdc-45aa-b4cb-6ce897df2d1d,7ccd6f47-e57f-4e8e-b857-2ea52a5df945,cba98d53-b59d-4b3a-bf33-5795db353c9e,2024-08-26T16:58:36,unauthorised,won,196.27,GBP
14e6069e-0d2b-44fd-b0cd-8a8423f48e80,5fd517fb-883d-43b6-9b20-d537e8b4ebbe,f24c2120-e2f7-4c87-a8e9-529b20449464,2023-04-12T17:54:03,amount_incorrect,pending,55.48,USD
f07e1bb9-48af-4c86-b0b9-38e5ddd0e3ea,7ebf1010-a353-4a56-8b99-198730ccd3aa,703af2c1-2382-4a78-a1d6-cf7b15034521,2023-09-27T20:37:04,duplicate,won,403.29,CAD
d47b70f6-d0a9-41dc-9e63-3571522639f1,b1f14d75-804e-47f7-8cbb-15ec3de0bd83,6d343a4b-ba7f-4b16-9f17-43c82a1426e2,2024-11-15T22:37:42,unauthorised,pending,181.37,EUR
cf3f6efd-8bcc-418b-a815-17b2d5b64476,2a7b9964-5b51-48cf-b755-5f3049544fb1,248c9b3a-0a24-4e87-aa32-e7209f17f433,2024-01-27T12:10:01,unauthorised,won,28.79,GBP
09dd07ba-10d8-454a-9f5f-49cc29f3a777,fad03ec5-f55f-459f-b4e7-24e8fa435385,a2a527b9-a251-43f9-a754-07a8e07513fe,2024-08-02T19:15:36,item_not_received,won,6.01,GBP
c67e2ef8-5690-49f2-b2d4-9b56389f4494,8b3a7362-5495-43e2-8091-9d330a51f318,5b5b1c2d-232e-46d7-b110-383438d5b5c9,2024-10-30T12:08:34,amount_incorrect,won,88.21,GBP
7c780500-11ab-45df-8f77-d0bd9d200b52,3c0aa017-767a-4116-8fbb-a6dc472d935e,4f8214b8-79c5-4499-822b-48d5abd89529,2024-11-20T01:37:50,amount_incorrect,lost,352.51,EUR
d84fed46-937e-4d77-9aa7-e15cec678628,3610d3b9-d447-444e-a5de-68aff98d1e1e,d4a15364-a710-42dd-be82-a77385fe47ce,2024-02-17T21:13:12,amount_incorrect,won,42.98,SGD
68cedf4d-7d03-472a-829c-936c28fde6bb,cad6b86a-9380-46d0-a275-bbb689601c66,555921d8-9c27-448b-bcf5-9617b7218ce0,2024-05-30T09:04:47,amount_incorrect,lost,196.95,CAD
cef252a2-7d12-4950-b73a-e7a7695b67df,0c758eea-7fbb-475e-bc95-ece42e9c4fba,1bfe2f60-614a-423e-bae9-e507b9c91594,2023-03-07T13:27:21,unauthorised,won,1.36,USD
c5371674-ffc6-46f9-a345-33b5155ab60c,ccd8f14b-c119-4a8e-9c0d-87103202906b,8608596c-b240-4e4e-b342-2ac9f7a442c1,2024-01-19T08:28:28,unauthorised,won,208.51,CAD
cdfc6635-a3ea-4d23-a205-fc00cb7d3ab8,1868bd5c-5355-4aab-ae0f-3968752512ff,9aa030d0-975c-44d2-a42c-251736d12182,2024-10-04T03:45:13,duplicate,lost,120.03,USD
81b91e78-4c0a-4a18-a868-c636741fb896,a6ba0774-3b62-42b0-b2d4-3cf7bdc96779,fc8084e4-0019-41ed-af22-59e2d622a483,2023-09-21T12:13:31,amount_incorrect,won,14.15,GBP
fd9ebfbc-ae02-449e-a5da-16a6bec0efb4,3084c325-f462-47e9-9e03-8610fff3c51a,00eb03f4-fd2e-49b3-8e98-37df473ad592,2025-01-14T05:28:31,item_not_received,lost,255.89,USD
58a923be-3fa9-411f-8930-34bcd1e56bbc,dec91e57-811d-4ff3-95b8-2c6b401d94e4,93bb3e60-14f3-4de7-a7f4-208991440152,2023-02-01T22:56:32,duplicate,won,100.28,GBP
05948173-1eee-45d6-8efd-b9011e381cf4,71f7a52c-6879-4a10-a3c8-9d3168950d15,4765851f-6a6a-40ca-82c8-b8490446f8f3,2024-08-18T13:44:08,item_not_received,won,289.53,GBP
4940de34-ee9e-4fcc-ad20-a988f6640991,e5fd3b06-c607-418c-b26d-15c08428251a,004eaf74-6c52-41f3-8f2e-516e16afc7bc,2023-07-09T07:09:36,amount_incorrect,lost,117.91,EUR
78775db5-dce7-43d0-b934-1f32fa841ab0,d51db624-19b3-4181-9381-7d7318e3fa83,31cce42c-40f4-4c45-a788-faede8514e04,2024-06-30T18:48:48,amount_incorrect,won,12.54,GBP
e5258d4c-8189-430f-9b67-d2e3b0aeb646,7fab6b99-eac4-4511-8cea-82816810ecfb,e41eed94-d84a-453e-906e-81192c7c2dde,2023-03-04T18:12:54,item_not_received,won,71.55,USD
84eae8a5-085e-4c9e-9458-fbe384e987b3,32613b2d-4e26-4b2e-862e-3d0df4e4b492,8f59c8b3-c052-4b4b-b8fd-4801c0fa5dd3,2023-06-23T17:27:38,amount_incorrect,lost,27.42,GBP
ce02b86e-07cb-40f4-91b5-e73a90ed518b,7e7a8391-0284-4b95-b297-70111b877434,4bd9730c-d014-499e-9898-90c1f0b04937,2023-06-11T08:43:43,unauthorised,won,22.71,USD
7fb56c98-79d9-40bd-b5ab-04af2ebc8075,1590d825-6a91-48ef-ba9b-3b47d046389e,b14814a6-e370-429b-bc78-a3e065841910,2023-02-27T19:07:19,item_not_received,won,4.08,GBP
0596bfff-5652-4ba6-84db-d639d24c0253,45e46368-69be-41b5-a37d-e1cf4c4f9d5c,a505872b-af43-4280-9c07-45836af0de6c,2023-04-11T03:25:22,item_not_received,pending,22.26,GBP
d9923045-cc6b-45a1-b16e-a265689c3e05,5055225b-9ded-4350-a784-a18be6e22256,4d69240b-c606-469d-a84a-fab1d81f8b0c,2024-01-10T19:40:22,item_not_received,won,162.15,CAD
e4f979a0-530c-46a2-ad68-d0e4c40a564e,ce364ac3-72e4-4c42-81bb-bcfddd3d8d97,d4e3a0fe-1ecb-48d2-b897-33f52247eb17,2024-05-20T01:36:39,unauthorised,won,42.57,USD
627d1485-8788-4625-b75d-1a4d6908d20e,15a3b9b2-358b-4cb9-a171-fc98a4ce78d0,e1227894-8c00-4938-9f57-0252b4768f55,2024-01-02T00:49:29,amount_incorrect,won,95.46,EUR
b254fe7c-e950-45db-823f-0083822f8c0f,71e43f22-a2e0-4aaf-aa89-febac1cc166c,e611b322-2daf-4da3-a126-39ec148603c3,2024-07-05T17:31:30,duplicate,pending,252.57,GBP
dd8ca91a-16d0-4362-9362-5d1334f5558c,8692ca48-d3e7-4e98-8873-d7c2752da098,93052882-e6d2-43ed-8f8a-c6c5ec0956cb,2023-09-04T08:37:29,duplicate,lost,30.26,GBP
ca19ebd8-18f8-4b40-aff8-41a0bc668d05,29a80e92-a979-4c1b-b1e8-6d6713bf949b,d4a15364-a710-42dd-be82-a77385fe47ce,2024-06-20T22:22:11,duplicate,won,119.81,SGD
ffabc7a5-63e3-4c82-a9a2-dce388457f21,742a0a28-38f9-4ea6-8145-48ac59797aa4,2954d7b1-1ca9-4470-88b3-899ebc943e38,2023-09-28T00:11:02,item_not_received,lost,154.08,SGD
74e16675-5f47-410a-80de-f8415463e93c,a838f3c4-0cdf-4acc-ba99-47b08ca2f4bf,880e19ca-8e86-4c92-aed0-ffa3cdd070bc,2024-08-03T06:26:13,unauthorised,won,62.38,GBP
68936ee7-d29d-4b3b-8977-a7edf14792ba,8e3a0ce6-ef40-49cb-ae78-e30df3ebe9ee,da6ec52e-67ca-4fa7-ab43-cf117d7c7118,2023-11-09T14:49:30,unauthorised,pending,181.54,USD
1f478bd4-9874-4ad1-b797-0d717a78a120,3130fcff-4667-4b8b-937c-f250654cafda,4c639c78-ce06-497b-8bf9-a8adfccdf877,2023-09-28T16:59:50,amount_incorrect,pending,179.75,USD
70547374-c3fe-4dfc-86b0-18ca17c8a4f0,b130d82c-b84f-4b2a-9e14-34949fb6a72d,65a8e7ac-affd-45cb-8186-7a629dc0357a,2023-10-02T23:30:24,unauthorised,won,23.34,USD
0682b7ee-0090-4718-8dfc-90c6dbc5d605,58ce6cfe-2f33-4631-b336-46ec85ef2b61,d0abf0f7-4184-4cec-b3c7-81535ff4c68b,2024-08-06T23:39:37,amount_incorrect,won,105.24,EUR
ed16c97e-d63b-4dda-a24e-8da727d56b2b,ee027c15-2b83-461c-ad01-59dafa7df469,65706ad5-82c2-4e4c-9f6e-ccaca7d63dda,2023-06-10T04:06:04,duplicate,won,6.39,GBP
a8e113c6-ca7e-4281-a983-bbbff213f331,8cb7b910-eced-4c48-8bf8-ee4c0a20c2e3,02cefba2-bb60-4781-a5db-e09e521891f1,2023-05-24T02:53:04,amount_incorrect,won,28.89,GBP
81ee1c9c-671c-42fd-b646-705d3e2be348,4bd293bd-7fa6-4308-b741-bd84a6f46199,264b6834-3ca7-47a7-a5a9-d6c9c5e081bf,2023-07-16T05:19:24,item_not_received,pending,98.85,CAD
e464ebfe-4767-4ba4-950a-c585feb4953f,4b970852-454e-4a7f-af6c-1521ed86d3fe,01db6176-6f99-4f37-a823-4445cd4ff363,2024-05-25T02:17:37,item_not_received,won,94.83,USD
9f251fc8-206b-495a-b670-7aa21af59260,afb3e932-89d0-4890-84a4-df5783047264,4df2d121-355a-4f6f-962e-78af3d90e49b,2024-11-25T18:42:13,duplicate,lost,24.48,AED
e928293c-95a3-4ffc-b911-1ec88df14eba,65ef9199-f05f-43de-afc9-cfc6a9e072eb,a3945edb-9904-4380-9d2c-34242b482c46,2023-08-15T14:09:41,unauthorised,pending,7.11,EUR
df310cab-37ca-4ee8-a1b2-0295d251e14f,a9fc5044-e1c3-4b8a-8ab2-39069371b98c,1e46f6c9-e00c-4e18-a2b7-ee5af13becb4,2023-06-08T21:38:18,duplicate,lost,13.5,GBP
5c35954a-aaca-4f49-8179-6279737c10ae,cb62bda6-0ba4-4262-84b9-9dccc7194921,a25ec046-98b8-4417-9a76-684fb55cb4b8,2024-12-12T10:01:04,amount_incorrect,lost,1.38,USD
e4df1997-1843-49c5-80f5-bae950a71a58,3766109a-bfd0-45f8-93f5-7c432426d3f6,6aa26316-5215-4c6a-b57a-46075c8fe29f,2024-05-10T17:51:06,amount_incorrect,won,54.33,GBP
a50367ca-9ec5-4be9-82b5-5536af73172a,b20b121a-74a0-473a-8dd1-29b0ca5caf35,d4624e83-a37d-42be-8437-eb3c4a46cbf7,2024-03-01T13:40:18,unauthorised,won,126.46,EUR
7231fb51-4a26-4e9d-8186-48bef016802a,1824e177-23a2-4a12-b22d-c6344e3619d6,0805d0ed-d64e-4a64-b292-4b9f026a67c0,2024-04-12T07:38:02,unauthorised,won,14.78,GBP
f706b4e1-5877-4782-a3e7-b6af1f762233,049ccf6b-7359-46a1-98df-0a2d719dcd2c,8592ba78-e6e3-4de5-bcd0-f06d5a517308,2023-11-08T16:07:30,item_not_received,lost,64.8,GBP
3f6cd26c-1d00-4df2-907f-c1388b1128f5,45648185-7f87-4921-ab92-b24148726ac8,f55466f7-1dba-4fe9-9a33-a2d119e5bd13,2024-05-31T03:56:34,unauthorised,won,214.45,CAD
701320ed-53b0-4812-9a5c-f7d1e95dced2,0d6ef425-6ed8-4b3a-beaa-0691769c75b0,fdc897cd-0591-4b41-9548-c797c4674969,2023-11-23T13:09:27,item_not_received,lost,122.66,EUR
0345411b-620a-4f8f-9435-aada25134eb1,7ce68973-06f1-4297-a7cb-a465d3960333,01f7907b-f11f-4ad1-80fb-227390199c69,2023-02-16T20:20:30,item_not_received,won,105.41,USD
d97f2c2e-7df6-4305-8d67-d4183f86d528,1a2f6dc9-f992-45da-a9c3-fa354e990408,810ed7ce-1fe5-4543-9158-1d4221a31242,2023-06-01T21:53:42,duplicate,won,161.48,USD
95e9fcbb-a7c3-4555-83d1-230137938a2b,5668d4af-dc9a-4d4a-9c55-8dc515ca16d3,d16d5112-bf59-4475-adec-89f6421b1fb3,2023-07-24T13:59:31,amount_incorrect,pending,40.98,CAD
daba62ad-dc6a-4414-8143-6f1dbb1cf01f,0b0539a7-b7de-44d1-b5a7-2476e2290abd,c547565c-8893-4889-914a-93367ea973ee,2023-07-30T04:09:44,item_not_received,won,199.6,GBP
93d647df-c68c-45aa-8cba-36e79a71d6bf,1d312d10-7c33-46fb-a1ec-b8df440fc855,56b6f074-e2af-421e-88e1-8e5f04700aed,2024-06-23T10:50:40,amount_incorrect,won,134.47,GBP
7904f58f-1219-4578-93c9-47f9834563a5,16282537-3fd0-4bc5-a0c5-9e352895e0d2,83ea8474-4bf0-4e41-b475-19ea182d673c,2023-08-18T11:31:02,duplicate,won,86.42,GBP
ba671b34-1cc4-480f-a79e-0b0f9650ad24,2aa9369e-d041-4a4b-9b52-453f0ac44224,137637c6-fec6-4455-b73d-a38cc9caa63c,2023-09-19T22:46:45,amount_incorrect,won,18.97,EUR
7188808b-59f9-47a4-a23a-79033c04cb23,6e2291b6-7bcb-4cac-88b4-88d5326b0b5c,19ec8f98-1f7c-43ed-8406-dfb384939b87,2023-05-12T11:45:48,unauthorised,won,59.41,GBP
2b010266-f170-4cab-a1ba-6d7db3c3024d,5c94f844-c2de-4034-803b-e4dbe5ab3204,e1227894-8c00-4938-9f57-0252b4768f55,2024-03-05T20:46:11,item_not_received,lost,44.78,EUR
4a98092f-23ae-4984-9519-2cdef8ffc8ff,d4ca8e7b-6217-4bac-beab-9db8468eb9b2,7f961360-f2f6-4896-9bc9-0cc9d2d791f8,2023-08-19T18:10:24,item_not_received,won,15.23,USD
16e4f3e1-d981-43de-a93d-6da7aa55b490,62adc89a-a5eb-4721-915e-e8e5c588e941,ccf3a600-810e-4627-8709-e1b655d8298f,2023-02-05T11:27:32,duplicate,won,77.37,EUR
cf1acb71-f7b7-4d6e-9ec2-042035d29ab0,34e683f6-21dc-40d0-b802-3b290c43afd6,f00ab189-e2c2-4ed5-94a4-75ebd0c4c489,2023-07-06T09:43:36,amount_incorrect,lost,46.49,GBP
27b97c0e-023e-47f4-a505-7c200faf1ac9,e8ba0468-9775-488c-96db-9a73d07dff96,015a0869-5220-4ca1-9298-a4caa4062923,2024-04-14T07:39:37,duplicate,pending,303.18,EUR
7c9ad820-9df5-4127-aeba-11271a794d87,3ac5b3cf-07bd-4d3f-bb35-c703d8631682,9d3ac462-f7c0-4107-8421-1ac4bd42ecee,2024-11-18T16:49:29,unauthorised,pending,109.15,GBP
10151e27-73eb-46a0-ab40-fb4045eb5eee,6218b94b-fa77-4060-8d2e-88d2d1c93a8f,c5f7fce2-0848-4e91-bc0e-db43def80cf1,2023-05-05T16:49:24,unauthorised,lost,144.87,GBP
fa18baa8-8dc9-4867-afe1-5815503ab1bd,9db4d7e4-b8a8-43b0-be40-f1d0c1eaae24,31609faa-bc9a-410b-a803-7699f8572534,2023-06-23T09:44:44,duplicate,lost,152.08,SGD
bc6a62c2-2c7d-4ced-91d9-392825d389c1,e963309f-f20d-4b28-a56f-50f2280901a9,01f7907b-f11f-4ad1-80fb-227390199c69,2024-06-12T02:38:44,amount_incorrect,lost,33.41,USD
e711af9c-64d3-4b8c-8260-4cdbee356701,54a2b3f9-b4cb-430a-b644-6e9722b592b0,0bd9f8ba-cc39-4928-9801-f7445fbf61a6,2024-09-11T16:27:58,item_not_received,lost,2.44,GBP
e9c04f9c-1b16-4f0a-bc38-db340401d7dc,db7c2668-65d5-4227-8de1-9a5b52656bbb,e61fac96-8bc5-4f6b-8861-05142251a4e5,2023-10-03T11:20:59,unauthorised,lost,34.05,GBP
e6fd73b1-fe00-43fd-a767-bcaaf1ea4dd8,1ecab8eb-5108-49ed-baa9-59f24dc9a677,73a4d96d-6a9e-4a48-9e73-149b0935bc54,2024-06-24T03:33:26,unauthorised,won,88.43,GBP
613a371d-2230-4a0c-85ce-8dece1206834,896840e8-c124-4042-9399-7356fc35a905,dc6157f4-8d03-4795-87d2-791beb711026,2024-12-11T22:45:14,amount_incorrect,won,23.41,GBP
8d1cea3b-98c4-46da-9239-08fb5e94cace,a790aa92-eab9-479b-a009-4ea1bc19f502,6c995349-54ff-465a-8d2e-35f078f9b277,2024-04-11T16:42:39,amount_incorrect,won,127.78,GBP
1c27d750-d511-44dc-8d5c-0fd81e1e7ed3,f0e1295f-46c3-4ecb-865c-cc20292b3be1,b53f5cff-827b-4b4c-ae2b-1893863c79db,2023-08-27T00:28:33,duplicate,won,244.19,USD
0e6e2443-b4b1-425e-b9e3-7b3f1c76c9dc,ad78b3d0-0351-4eeb-9d8c-a2553cc9aca3,f2869387-1fd6-441e-aece-d559580c4b8c,2023-01-17T18:38:40,unauthorised,won,4.78,GBP
b57b103c-2620-4d0b-9045-f38de08a1c38,02822fac-9573-440a-9ec3-603725d720cd,0cd40fc8-47b9-4df8-936c-21289b8020ef,2023-03-15T06:23:01,item_not_received,won,16.96,CAD
68b550e9-660d-420a-b2ed-6d557f0ff420,f5b4a995-f5ff-436d-855c-7252d69254f6,831fdcb2-5737-445b-8132-c479bb446154,2024-02-17T23:10:26,item_not_received,lost,25.62,USD
586cb9ef-0d08-4f33-8c97-cb5dc91d1671,e74cf59d-0c11-42c8-aabd-76641d951f54,e77ebf37-d988-4ad5-8f1d-9c594dfdd94a,2023-07-17T02:43:07,duplicate,lost,36.75,EUR
17fc6088-015b-4bde-9518-833dc6b22118,34992355-fb0e-4c7a-b1b1-020cc39642ed,21687a32-ff36-48b1-9660-9b8463479b3c,2024-12-23T22:55:44,item_not_received,won,86.92,AED
3c4b9bf8-1a38-4db9-9bb7-b9f6244421d7,17e8e2bb-5d89-45b5-9475-372238d6e664,9ad98bea-9bb6-4efc-92cd-26e46b6139e6,2023-12-23T02:57:19,item_not_received,pending,290.34,GBP
798245f1-a5ea-4272-bc58-b1c436fcc666,a5976b77-8f2e-4d5e-8988-437763914693,07600b11-fa79-4905-b5cf-a97fec94083f,2024-06-15T21:08:18,duplicate,won,380.57,GBP
dbcceef3-c442-44ce-818d-f12b63d7208f,84e8c97f-be7a-46b8-840a-2165837d17dd,3e71047d-de93-44c7-87d1-9c3101bad181,2024-03-03T23:42:07,unauthorised,won,3.88,EUR
5389ba9a-bbfc-428f-8d64-f99a78f41617,1df6ef2d-3181-4cff-a019-31dbd7383eb5,8521ba55-7f97-441d-b40c-105c9d234f4f,2024-08-04T10:46:18,item_not_received,won,61.04,GBP
08648d01-e138-403a-a1ea-9f6fa8dc0292,0fb2849c-692c-4b7a-bc46-71e44bc74353,5e3ad220-37d3-443a-bef4-fcae5e9a6290,2023-05-12T16:04:30,duplicate,lost,135.06,GBP
62bb63dc-deb8-4e89-9b41-28aefcf65c20,2817cd31-f1ca-458c-b54e-36abeaf4c236,94f83054-b188-4367-b6bd-513971568634,2023-07-24T00:45:53,unauthorised,won,51.06,EUR
f5c03d4b-acbd-4d47-a6c5-3f9ce762587f,4004c6ea-7bd1-4647-a9c9-1a7128544055,3d4a479a-561b-4018-be70-00ebcc70f9da,2023-09-13T21:46:19,unauthorised,pending,80.2,USD
d05c5c59-9419-4d7f-90a7-3fcbb5d07215,fe0de46f-575d-40d0-993c-482e48b1d014,3c07d3d8-d78e-47cd-8546-499218ac1435,2023-02-24T07:36:51,unauthorised,lost,167.65,GBP
8c4ea1e9-dc79-4894-8a13-2201869396c4,2bb6ce53-7f73-44f9-ada5-bb7935cc8478,abbafa14-112a-4471-80bb-ab5c70ba4091,2023-02-22T13:03:37,amount_incorrect,won,27.07,USD
ab3bb2d2-033c-4f02-8bc9-28c9e6b268e3,d196e3b6-1211-4901-a2b4-9cbfb3735d8d,a74f0539-ecf7-4d89-b52e-c90271cca178,2023-08-06T08:56:38,unauthorised,won,174.74,GBP
ec5ae4e9-0a93-4ccd-bc67-cf5031f1d2bc,56893b3d-7455-4ded-9415-5986f1dd2531,3e12abbd-e141-4744-ab9f-7492a10c549e,2023-04-09T20:54:46,duplicate,won,61.53,GBP
e735d90a-5d0f-4290-b7a0-de3eca8159d8,a9ae44f8-84f4-4869-b4b5-01f53f179b37,56a93966-4582-4873-a72a-9e93ae2f794d,2024-03-06T16:22:30,amount_incorrect,lost,18.31,AED
04e898bd-5ed0-42b2-a6dc-f7559ca53ceb,3eebc27d-20e0-4818-8f8d-1523e2f42c7f,baee0222-6868-4b98-9579-0a77e20780e4,2023-10-09T09:32:14,unauthorised,won,79.96,GBP
47585222-1036-43a5-9466-c098da3d1c12,994b26c5-bd46-4145-969e-7d6e9324fac3,5f76f64c-025d-452d-bd8a-d7929260d395,2023-02-07T13:06:36,amount_incorrect,pending,124.35,USD
10262880-f3bb-4e9b-8aba-86ffb0d01cf9,dc602676-fa7a-4175-accb-5c4467332abf,0666fdb2-cca1-4f85-8cca-2bff1c1aeb36,2023-09-09T13:46:21,unauthorised,pending,7.73,GBP
7ad42689-9eeb-40f5-bb6c-2847deb7ab85,71be7686-5f7d-4625-96a8-ac317448a5d8,c2cea59c-26a6-475e-b6f9-88997d40f393,2024-01-16T05:35:47,duplicate,won,5.6,GBP
acd47234-ca8c-438f-9a5b-7570b6c9e6cf,470a24df-75d8-4842-a470-5f80cbde56ad,c1bf81d3-1884-44a7-b5fe-fe3dd4df279b,2023-06-30T01:55:29,duplicate,won,104.8,GBP
7bdea7a9-86db-4c40-8162-d3f9de897a13,4e597213-a76e-4fd1-b6cb-683474ec7f57,e3370089-b6e2-4a6a-b1be-2c67cc91bbc9,2023-09-08T17:12:53,unauthorised,lost,15.26,EUR
13c6e5d8-ff50-4da3-a34e-83459e6ed9a2,11eeadfd-7f07-4510-9aa3-bf14d35ac7c5,cff72775-ab65-4045-84eb-3fc9b968dc46,2024-04-17T03:40:30,unauthorised,won,11.55,SGD
6c12b8a9-c093-4c4f-8516-12e86a2c7976,cb1b5466-a2ee-44b1-a124-6e1418c3d720,e3370089-b6e2-4a6a-b1be-2c67cc91bbc9,2023-02-18T05:50:28,item_not_received,won,159.93,EUR
e98bef79-c990-4331-9f86-0fbcbd7613f8,c087dc8c-dd15-473c-bf21-573e279fff7e,cffcb233-aff4-4be4-8ab6-2a13e5215e15,2024-01-01T09:27:44,duplicate,won,79.67,GBP
b93a612e-37b7-413c-8578-b0775f7f5ed1,aecf85c5-8493-43ce-b168-a5cc2b572b69,74bfd133-35f7-4a94-a06a-41a37c16cf98,2023-11-19T05:44:21,amount_incorrect,lost,95.38,GBP
ba49b57f-91b1-40bc-9680-225d532ede8a,a7d20493-786a-4704-9490-affbc1ce1828,91cfc392-a1cd-4404-8793-720246c09d09,2023-10-24T23:40:35,duplicate,won,40.15,GBP
2d8cca8e-71a6-45c8-aee2-cf71fbe232ad,cfaf3e5f-1153-4641-a8f9-a28edb5bf28e,469d0a5e-1335-412c-b17f-3c564699990d,2023-01-24T17:12:42,amount_incorrect,lost,2.95,GBP
